crumb_filename,mirabest_filename,crumb_split,crumb_label,mirabest_label,labels_agree,prediction,confidence,correct_vs_crumb,correct_vs_mirabest
./CombinedCat/PNG/Scaled_Final/162.947_+055.386.png,./MiraBest_data/100_162.947+055.386_0.0739_0250.34.png,train,FRI,100,True,FR-I,0.9984,True,True
./CombinedCat/PNG/Scaled_Final/208.259_+033.091.png,./MiraBest_data/100_208.259+033.091_0.0610_0123.73.png,train,FRI,100,True,FR-I,0.9843,True,True
./CombinedCat/PNG/Scaled_Final/225.140_+042.338.png,./MiraBest_data/100_225.140+042.338_0.4429_0114.18.png,train,FRI,100,True,FR-I,0.9997,True,True
./CombinedCat/PNG/Scaled_Final/166.705_+029.898.png,./MiraBest_data/100_166.705+029.898_0.4648_0048.73.png,train,FRI,100,True,FR-I,0.9327,True,True
./CombinedCat/PNG/Scaled_Final/157.651_+035.917.png,./MiraBest_data/100_157.651+035.917_0.1235_0037.24.png,train,FRI,100,True,FR-II,0.982,False,False
./CombinedCat/PNG/Scaled_Final/136.428_+042.354.png,./MiraBest_data/100_136.428+042.354_0.1565_0016.04.png,train,FRI,100,True,FR-I,0.7569,True,True
./CombinedCat/PNG/Scaled_Final/165.417_+033.289.png,./MiraBest_data/100_165.417+033.289_0.2033_0130.83.png,train,FRI,100,True,FR-I,0.9809,True,True
./CombinedCat/PNG/Scaled_Final/193.904_+034.946.png,./MiraBest_data/100_193.904+034.946_0.1830_0020.42.png,train,FRI,100,True,FR-I,0.9012,True,True
./CombinedCat/PNG/Scaled_Final/225.172_+036.363.png,./MiraBest_data/100_225.172+036.363_0.2552_0032.20.png,train,FRII,100,False,FR-I,0.9872,False,True
./CombinedCat/PNG/Scaled_Final/126.484_+017.861.png,./MiraBest_data/100_126.484+017.861_0.0905_0151.78.png,train,FRI,100,True,FR-I,0.9996,True,True
./CombinedCat/PNG/Scaled_Final/194.092_+001.426.png,./MiraBest_data/100_194.092+001.426_0.3345_0170.89.png,train,FRI,100,True,FR-I,0.8148,True,True
./CombinedCat/PNG/Scaled_Final/156.766_+038.337.png,./MiraBest_data/100_156.766+038.337_0.1230_0161.16.png,train,FRI,100,True,FR-I,0.9957,True,True
./CombinedCat/PNG/Scaled_Final/127.782_+039.239.png,./MiraBest_data/100_127.782+039.239_0.2066_0114.76.png,train,FRI,100,True,FR-I,0.996,True,True
./CombinedCat/PNG/Scaled_Final/010.451_-009.284.png,./MiraBest_data/100_010.451-009.284_0.0529_0080.60.png,train,FRI,100,True,FR-I,0.9718,True,True
./CombinedCat/PNG/Scaled_Final/203.220_+057.622.png,./MiraBest_data/100_203.220+057.622_0.2218_0032.74.png,train,FRI,100,True,FR-II,0.6669,False,False
./CombinedCat/PNG/Scaled_Final/222.254_+040.012.png,./MiraBest_data/100_222.254+040.012_0.1854_0188.05.png,train,FRII,100,False,FR-I,0.5814,False,True
./CombinedCat/PNG/Scaled_Final/206.173_+040.467.png,./MiraBest_data/100_206.173+040.467_0.0754_0017.81.png,train,FRI,100,True,FR-I,0.9342,True,True
./CombinedCat/PNG/Scaled_Final/224.311_+023.495.png,./MiraBest_data/100_224.311+023.495_0.3285_0036.44.png,train,FRI,100,True,FR-I,0.8715,True,True
./CombinedCat/PNG/Scaled_Final/141.563_+016.854.png,./MiraBest_data/100_141.563+016.854_0.2120_0023.87.png,train,FRI,100,True,FR-I,0.9981,True,True
./CombinedCat/PNG/Scaled_Final/133.297_+013.310.png,./MiraBest_data/100_133.297+013.310_0.1259_0042.73.png,train,FRI,100,True,FR-I,0.6996,True,True
./CombinedCat/PNG/Scaled_Final/225.309_+009.990.png,./MiraBest_data/100_225.309+009.990_0.3384_0046.22.png,train,FRI,100,True,FR-I,0.9411,True,True
./CombinedCat/PNG/Scaled_Final/231.081_+016.453.png,./MiraBest_data/100_231.081+016.453_0.1525_0043.05.png,train,FRI,100,True,FR-I,0.9697,True,True
./CombinedCat/PNG/Scaled_Final/190.400_+016.343.png,./MiraBest_data/100_190.400+016.343_0.0702_0110.34.png,train,FRI,100,True,FR-I,0.9851,True,True
./CombinedCat/PNG/Scaled_Final/174.709_+020.655.png,./MiraBest_data/100_174.709+020.655_0.1806_0026.43.png,train,FRI,100,True,FR-II,0.9076,False,False
./CombinedCat/PNG/Scaled_Final/120.907_+010.845.png,./MiraBest_data/100_120.907+010.845_0.1423_0082.92.png,train,FRI,100,True,FR-I,0.9853,True,True
./CombinedCat/PNG/Scaled_Final/127.801_+043.700.png,./MiraBest_data/100_127.801+043.700_0.1114_0037.37.png,train,FRI,100,True,FR-I,0.8307,True,True
./CombinedCat/PNG/Scaled_Final/172.683_+034.913.png,./MiraBest_data/100_172.683+034.913_0.2047_0033.10.png,train,FRI,100,True,FR-I,0.9775,True,True
./CombinedCat/PNG/Scaled_Final/142.745_+003.808.png,./MiraBest_data/100_142.745+003.808_0.0890_0212.98.png,train,FRI,100,True,FR-I,0.9976,True,True
./CombinedCat/PNG/Scaled_Final/135.529_+011.009.png,./MiraBest_data/100_135.529+011.009_0.3496_0048.53.png,train,FRI,100,True,FR-I,0.9904,True,True
./CombinedCat/PNG/Scaled_Final/126.001_+015.580.png,./MiraBest_data/100_126.001+015.580_0.0930_0057.51.png,train,FRI,100,True,FR-I,0.9952,True,True
./CombinedCat/PNG/Scaled_Final/186.668_+025.649.png,./MiraBest_data/200_186.668+025.649_0.1344_0035.97.png,train,FRII,200,True,FR-II,0.9423,True,True
./CombinedCat/PNG/Scaled_Final/218.704_-002.250.png,./MiraBest_data/200_218.704-002.250_0.2906_0051.40.png,train,FRII,200,True,FR-II,0.527,True,True
./CombinedCat/PNG/Scaled_Final/191.046_+014.482.png,./MiraBest_data/200_191.046+014.482_0.2720_0008.80.png,train,FRII,200,True,FR-II,0.894,True,True
./CombinedCat/PNG/Scaled_Final/219.329_+040.716.png,./MiraBest_data/200_219.329+040.716_0.4007_0016.95.png,train,FRII,200,True,FR-II,0.7781,True,True
./CombinedCat/PNG/Scaled_Final/123.432_+052.961.png,./MiraBest_data/200_123.432+052.961_0.1381_0028.95.png,train,FRII,200,True,FR-II,0.9308,True,True
./CombinedCat/PNG/Scaled_Final/229.101_-000.830.png,./MiraBest_data/200_229.101-000.830_0.3760_0009.24.png,train,FRI,200,False,FR-I,0.6778,True,False
./CombinedCat/PNG/Scaled_Final/160.918_+030.883.png,./MiraBest_data/200_160.918+030.883_0.4356_0020.41.png,train,FRII,200,True,FR-II,0.9984,True,True
./CombinedCat/PNG/Scaled_Final/188.626_+041.160.png,./MiraBest_data/200_188.626+041.160_0.1909_0084.95.png,train,FRII,200,True,FR-II,0.9959,True,True
./CombinedCat/PNG/Scaled_Final/154.084_+010.216.png,./MiraBest_data/200_154.084+010.216_0.4181_0153.55.png,train,FRII,200,True,FR-I,0.5575,False,False
./CombinedCat/PNG/Scaled_Final/126.269_+012.735.png,./MiraBest_data/200_126.269+012.735_0.3216_0111.43.png,train,FRII,200,True,FR-II,0.9714,True,True
./CombinedCat/PNG/Scaled_Final/126.786_+009.384.png,./MiraBest_data/200_126.786+009.384_0.3721_0018.00.png,train,FRII,200,True,FR-II,0.9688,True,True
./CombinedCat/PNG/Scaled_Final/148.625_+058.212.png,./MiraBest_data/200_148.625+058.212_0.4502_0017.25.png,train,FRII,200,True,FR-II,0.8875,True,True
./CombinedCat/PNG/Scaled_Final/219.706_+034.265.png,./MiraBest_data/200_219.706+034.265_0.3407_0010.29.png,train,FRII,200,True,FR-II,0.9218,True,True
./CombinedCat/PNG/Scaled_Final/198.644_-001.728.png,./MiraBest_data/200_198.644-001.728_0.2197_0050.01.png,train,FRII,200,True,FR-II,0.8863,True,True
./CombinedCat/PNG/Scaled_Final/150.419_+006.818.png,./MiraBest_data/200_150.419+006.818_0.2266_0021.00.png,train,FRII,200,True,FR-I,0.8853,False,False
./CombinedCat/PNG/Scaled_Final/199.275_+043.954.png,./MiraBest_data/200_199.275+043.954_0.0517_0019.94.png,train,FRII,200,True,FR-II,0.9632,True,True
./CombinedCat/PNG/Scaled_Final/224.926_+011.703.png,./MiraBest_data/200_224.926+011.703_0.2484_0009.49.png,train,FRI,200,False,FR-I,0.5345,True,False
./CombinedCat/PNG/Scaled_Final/203.848_+017.837.png,./MiraBest_data/200_203.848+017.837_0.2050_0065.25.png,train,FRII,200,True,FR-II,0.9925,True,True
./CombinedCat/PNG/Scaled_Final/189.324_+005.700.png,./MiraBest_data/200_189.324+005.700_0.4800_0068.42.png,train,FRII,200,True,FR-II,0.9945,True,True
./CombinedCat/PNG/Scaled_Final/224.051_+020.011.png,./MiraBest_data/200_224.051+020.011_0.2171_0015.49.png,train,FRII,200,True,FR-I,0.5244,False,False
./CombinedCat/PNG/Scaled_Final/172.526_+019.746.png,./MiraBest_data/200_172.526+019.746_0.3174_0019.78.png,train,FRII,200,True,FR-II,0.9952,True,True
./CombinedCat/PNG/Scaled_Final/214.691_+040.535.png,./MiraBest_data/200_214.691+040.535_0.2749_0022.27.png,train,FRII,200,True,FR-II,0.7967,True,True
./CombinedCat/PNG/Scaled_Final/129.078_+009.156.png,./MiraBest_data/200_129.078+009.156_0.2242_0026.89.png,train,FRII,200,True,FR-II,0.9276,True,True
./CombinedCat/PNG/Scaled_Final/222.135_+044.382.png,./MiraBest_data/200_222.135+044.382_0.2775_0021.27.png,train,FRII,200,True,FR-II,0.9995,True,True
./CombinedCat/PNG/Scaled_Final/205.700_+038.206.png,./MiraBest_data/200_205.700+038.206_0.1720_0109.67.png,train,FRII,200,True,FR-I,0.9185,False,False
./CombinedCat/PNG/Scaled_Final/120.947_+053.802.png,./MiraBest_data/200_120.947+053.802_0.1398_0008.89.png,train,FRII,200,True,FR-I,0.6753,False,False
./CombinedCat/PNG/Scaled_Final/144.590_+055.726.png,./MiraBest_data/200_144.590+055.726_0.2212_0046.90.png,train,FRII,200,True,FR-II,0.9212,True,True
./CombinedCat/PNG/Scaled_Final/125.193_+006.626.png,./MiraBest_data/200_125.193+006.626_0.2450_0010.02.png,train,FRII,200,True,FR-I,0.8329,False,False
./CombinedCat/PNG/Scaled_Final/186.826_+008.844.png,./MiraBest_data/200_186.826+008.844_0.0885_0023.91.png,train,FRII,200,True,FR-II,0.6096,True,True
./CombinedCat/PNG/Scaled_Final/165.795_+004.311.png,./MiraBest_data/200_165.795+004.311_0.3257_0010.10.png,train,FRII,200,True,FR-I,0.5589,False,False
./CombinedCat/PNG/Scaled_Final/176.117_+003.971.png,./MiraBest_data/200_176.117+003.971_0.1274_0033.01.png,train,FRII,200,True,FR-II,0.7059,True,True
./CombinedCat/PNG/Scaled_Final/230.951_+005.579.png,./MiraBest_data/200_230.951+005.579_0.1761_0087.31.png,train,FRI,200,False,FR-II,0.9982,False,True
./CombinedCat/PNG/Scaled_Final/195.655_+016.467.png,./MiraBest_data/200_195.655+016.467_0.4956_0008.27.png,train,FRII,200,True,FR-II,0.8695,True,True
./CombinedCat/PNG/Scaled_Final/182.351_+056.335.png,./MiraBest_data/200_182.351+056.335_0.4098_0013.35.png,train,FRII,200,True,FR-II,0.5859,True,True
./CombinedCat/PNG/Scaled_Final/209.730_+014.977.png,./MiraBest_data/200_209.730+014.977_0.3660_0054.69.png,train,FRII,200,True,FR-II,0.8877,True,True
./CombinedCat/PNG/Scaled_Final/167.177_+030.399.png,./MiraBest_data/200_167.177+030.399_0.4811_0009.29.png,train,FRII,200,True,FR-II,0.5407,True,True
./CombinedCat/PNG/Scaled_Final/163.505_+022.261.png,./MiraBest_data/200_163.505+022.261_0.2603_0011.05.png,train,FRII,200,True,FR-II,0.8563,True,True
./CombinedCat/PNG/Scaled_Final/206.263_+009.790.png,./MiraBest_data/200_206.263+009.790_0.1303_0089.12.png,train,FRII,200,True,FR-II,0.6322,True,True
./CombinedCat/PNG/Scaled_Final/161.126_+005.745.png,./MiraBest_data/200_161.126+005.745_0.2453_0018.90.png,train,FRII,200,True,FR-II,0.9857,True,True
./CombinedCat/PNG/Scaled_Final/212.628_+063.317.png,./MiraBest_data/200_212.628+063.317_0.1587_0178.38.png,train,FRII,200,True,FR-II,0.9686,True,True
./CombinedCat/PNG/Scaled_Final/195.472_+025.737.png,./MiraBest_data/200_195.472+025.737_0.3104_0022.54.png,train,FRII,200,True,FR-II,0.7389,True,True
./CombinedCat/PNG/Scaled_Final/179.554_+030.107.png,./MiraBest_data/200_179.554+030.107_0.1389_0020.61.png,train,FRII,200,True,FR-I,0.8564,False,False
./CombinedCat/PNG/Scaled_Final/170.300_+011.764.png,./MiraBest_data/200_170.300+011.764_0.2193_0050.73.png,train,FRII,200,True,FR-I,0.6553,False,False
./CombinedCat/PNG/Scaled_Final/164.335_+030.208.png,./MiraBest_data/100_164.335+030.208_0.2453_0040.02.png,train,FRI,100,True,FR-I,0.9925,True,True
./CombinedCat/PNG/Scaled_Final/127.949_+022.652.png,./MiraBest_data/100_127.949+022.652_0.0864_0123.31.png,train,FRI,100,True,FR-I,0.977,True,True
./CombinedCat/PNG/Scaled_Final/166.345_+030.162.png,./MiraBest_data/100_166.345+030.162_0.0717_0137.10.png,train,FRI,100,True,FR-I,0.9976,True,True
./CombinedCat/PNG/Scaled_Final/118.778_+026.354.png,./MiraBest_data/100_118.778+026.354_0.1228_0188.84.png,train,FRI,100,True,FR-I,0.9988,True,True
./CombinedCat/PNG/Scaled_Final/148.866_+003.755.png,./MiraBest_data/100_148.866+003.755_0.0910_0059.98.png,train,FRI,100,True,FR-I,0.9987,True,True
./CombinedCat/PNG/Scaled_Final/197.759_+044.999.png,./MiraBest_data/100_197.759+044.999_0.2325_0084.58.png,train,FRI,100,True,FR-I,0.9882,True,True
./CombinedCat/PNG/Scaled_Final/208.859_+035.429.png,./MiraBest_data/100_208.859+035.429_0.1079_0042.15.png,train,FRI,100,True,FR-I,0.9336,True,True
./CombinedCat/PNG/Scaled_Final/231.229_+022.443.png,./MiraBest_data/100_231.229+022.443_0.3747_0050.21.png,train,FRI,100,True,FR-I,0.9917,True,True
./CombinedCat/PNG/Scaled_Final/151.284_+009.209.png,./MiraBest_data/100_151.284+009.209_0.1436_0054.35.png,train,FRI,100,True,FR-I,0.9365,True,True
./CombinedCat/PNG/Scaled_Final/227.498_+003.003.png,./MiraBest_data/100_227.498+003.003_0.0920_0238.01.png,train,FRI,100,True,FR-I,0.9981,True,True
./CombinedCat/PNG/Scaled_Final/116.785_+017.291.png,./MiraBest_data/100_116.785+017.291_0.1876_0107.21.png,train,FRI,100,True,FR-I,0.9697,True,True
./CombinedCat/PNG/Scaled_Final/196.932_+056.851.png,./MiraBest_data/100_196.932+056.851_0.2500_0084.49.png,train,FRI,100,True,FR-I,0.9927,True,True
./CombinedCat/PNG/Scaled_Final/173.095_+055.972.png,./MiraBest_data/100_173.095+055.972_0.0501_0042.73.png,train,FRI,100,True,FR-I,0.877,True,True
./CombinedCat/PNG/Scaled_Final/150.470_-000.878.png,./MiraBest_data/100_150.470-000.878_0.1364_0124.24.png,train,FRI,100,True,FR-I,0.9992,True,True
./CombinedCat/PNG/Scaled_Final/207.192_+018.422.png,./MiraBest_data/100_207.192+018.422_0.1198_0035.54.png,train,FRI,100,True,FR-I,0.569,True,True
./CombinedCat/PNG/Scaled_Final/189.591_+058.368.png,./MiraBest_data/100_189.591+058.368_0.2361_0101.75.png,train,FRI,100,True,FR-I,0.9936,True,True
./CombinedCat/PNG/Scaled_Final/147.761_+010.370.png,./MiraBest_data/100_147.761+010.370_0.2281_0052.19.png,train,FRI,100,True,FR-I,0.9882,True,True
./CombinedCat/PNG/Scaled_Final/135.645_+020.738.png,./MiraBest_data/100_135.645+020.738_0.0834_0040.38.png,train,FRI,100,True,FR-I,0.6453,True,True
./CombinedCat/PNG/Scaled_Final/210.461_+020.169.png,./MiraBest_data/100_210.461+020.169_0.2081_0052.60.png,train,FRI,100,True,FR-I,0.9921,True,True
./CombinedCat/PNG/Scaled_Final/149.497_+003.457.png,./MiraBest_data/100_149.497+003.457_0.1653_0104.36.png,train,FRI,100,True,FR-I,0.9968,True,True
./CombinedCat/PNG/Scaled_Final/135.583_+009.835.png,./MiraBest_data/100_135.583+009.835_0.2938_0057.11.png,train,FRI,100,True,FR-I,0.936,True,True
./CombinedCat/PNG/Scaled_Final/211.575_+027.937.png,./MiraBest_data/100_211.575+027.937_0.3858_0115.99.png,train,FRI,100,True,FR-I,0.9995,True,True
./CombinedCat/PNG/Scaled_Final/151.236_+009.785.png,./MiraBest_data/100_151.236+009.785_0.1615_0180.11.png,train,FRI,100,True,FR-I,0.887,True,True
./CombinedCat/PNG/Scaled_Final/218.473_+018.756.png,./MiraBest_data/100_218.473+018.756_0.0759_0095.25.png,train,FRI,100,True,FR-I,0.9739,True,True
./CombinedCat/PNG/Scaled_Final/202.528_+027.065.png,./MiraBest_data/100_202.528+027.065_0.2770_0075.75.png,train,FRI,100,True,FR-I,0.9053,True,True
./CombinedCat/PNG/Scaled_Final/163.937_+045.400.png,./MiraBest_data/100_163.937+045.400_0.0636_0096.40.png,train,FRI,100,True,FR-I,0.9999,True,True
./CombinedCat/PNG/Scaled_Final/206.481_+036.837.png,./MiraBest_data/100_206.481+036.837_0.2543_0033.56.png,train,FRI,100,True,FR-I,0.599,True,True
./CombinedCat/PNG/Scaled_Final/217.955_+019.383.png,./MiraBest_data/100_217.955+019.383_0.2136_0041.57.png,train,FRI,100,True,FR-I,0.9471,True,True
./CombinedCat/PNG/Scaled_Final/222.361_+006.844.png,./MiraBest_data/100_222.361+006.844_0.1400_0139.98.png,train,FRII,100,False,FR-I,0.9873,False,True
./CombinedCat/PNG/Scaled_Final/182.838_+014.244.png,./MiraBest_data/100_182.838+014.244_0.0637_0034.40.png,train,FRI,100,True,FR-I,0.9398,True,True
./CombinedCat/PNG/Scaled_Final/174.902_+036.130.png,./MiraBest_data/200_174.902+036.130_0.3601_0023.99.png,train,FRII,200,True,FR-II,0.8243,True,True
./CombinedCat/PNG/Scaled_Final/201.260_+022.801.png,./MiraBest_data/200_201.260+022.801_0.1431_0017.09.png,train,FRII,200,True,FR-II,0.5643,True,True
./CombinedCat/PNG/Scaled_Final/228.517_+030.146.png,./MiraBest_data/200_228.517+030.146_0.0932_0016.81.png,train,FRII,200,True,FR-II,0.9545,True,True
./CombinedCat/PNG/Scaled_Final/118.091_+033.564.png,./MiraBest_data/200_118.091+033.564_0.1403_0086.52.png,train,FRII,200,True,FR-II,0.9018,True,True
./CombinedCat/PNG/Scaled_Final/123.432_+026.920.png,./MiraBest_data/200_123.432+026.920_0.3251_0024.09.png,train,FRII,200,True,FR-I,0.6326,False,False
./CombinedCat/PNG/Scaled_Final/230.366_+001.956.png,./MiraBest_data/200_230.366+001.956_0.2435_0023.94.png,train,FRI,200,False,FR-II,0.9954,False,True
./CombinedCat/PNG/Scaled_Final/132.055_+057.001.png,./MiraBest_data/200_132.055+057.001_0.1937_0143.37.png,train,FRII,200,True,FR-II,0.7852,True,True
./CombinedCat/PNG/Scaled_Final/018.607_+000.492.png,./MiraBest_data/200_018.607+000.492_0.3546_0043.51.png,train,FRII,200,True,FR-I,0.7748,False,False
./CombinedCat/PNG/Scaled_Final/153.518_+006.243.png,./MiraBest_data/200_153.518+006.243_0.1066_0014.15.png,train,FRII,200,True,FR-I,0.5377,False,False
./CombinedCat/PNG/Scaled_Final/187.121_+004.749.png,./MiraBest_data/200_187.121+004.749_0.3876_0053.38.png,train,FRII,200,True,FR-I,0.5489,False,False
./CombinedCat/PNG/Scaled_Final/157.615_+061.011.png,./MiraBest_data/200_157.615+061.011_0.3746_0012.83.png,train,FRII,200,True,FR-II,0.869,True,True
./CombinedCat/PNG/Scaled_Final/169.310_+025.529.png,./MiraBest_data/200_169.310+025.529_0.3248_0016.32.png,train,FRII,200,True,FR-II,0.8184,True,True
./CombinedCat/PNG/Scaled_Final/203.077_+060.218.png,./MiraBest_data/200_203.077+060.218_0.3210_0027.79.png,train,FRII,200,True,FR-II,0.5882,True,True
./CombinedCat/PNG/Scaled_Final/136.182_+019.936.png,./MiraBest_data/200_136.182+019.936_0.0837_0016.90.png,train,FRII,200,True,FR-II,0.987,True,True
./CombinedCat/PNG/Scaled_Final/180.677_-001.396.png,./MiraBest_data/200_180.677-001.396_0.2480_0009.10.png,train,FRII,200,True,FR-II,0.8168,True,True
./CombinedCat/PNG/Scaled_Final/124.759_+049.627.png,./MiraBest_data/200_124.759+049.627_0.3471_0008.04.png,train,FRII,200,True,FR-II,0.6211,True,True
./CombinedCat/PNG/Scaled_Final/185.620_+002.503.png,./MiraBest_data/200_185.620+002.503_0.2290_0017.06.png,train,FRII,200,True,FR-II,0.8995,True,True
./CombinedCat/PNG/Scaled_Final/227.366_+044.752.png,./MiraBest_data/200_227.366+044.752_0.4886_0023.06.png,train,FRII,200,True,FR-II,0.9622,True,True
./CombinedCat/PNG/Scaled_Final/208.447_+051.960.png,./MiraBest_data/200_208.447+051.960_0.1320_0008.03.png,train,FRII,200,True,FR-II,0.7907,True,True
./CombinedCat/PNG/Scaled_Final/176.113_+037.142.png,./MiraBest_data/200_176.113+037.142_0.1148_0269.44.png,train,FRII,200,True,FR-II,0.9669,True,True
./CombinedCat/PNG/Scaled_Final/123.801_+038.679.png,./MiraBest_data/200_123.801+038.679_0.1253_0034.24.png,train,FRII,200,True,FR-II,0.9894,True,True
./CombinedCat/PNG/Scaled_Final/193.128_-001.338.png,./MiraBest_data/200_193.128-001.338_0.3576_0031.88.png,train,FRII,200,True,FR-II,0.9991,True,True
./CombinedCat/PNG/Scaled_Final/205.395_+053.745.png,./MiraBest_data/200_205.395+053.745_0.1409_0079.28.png,train,FRII,200,True,FR-II,0.9488,True,True
./CombinedCat/PNG/Scaled_Final/182.963_+048.820.png,./MiraBest_data/200_182.963+048.820_0.2943_0024.53.png,train,FRII,200,True,FR-II,0.7655,True,True
./CombinedCat/PNG/Scaled_Final/121.786_+033.455.png,./MiraBest_data/200_121.786+033.455_0.3803_0014.97.png,train,FRII,200,True,FR-II,0.7119,True,True
./CombinedCat/PNG/Scaled_Final/228.561_+023.452.png,./MiraBest_data/200_228.561+023.452_0.0876_0031.73.png,train,FRI,200,False,FR-II,0.9799,False,True
./CombinedCat/PNG/Scaled_Final/146.161_+064.196.png,./MiraBest_data/200_146.161+064.196_0.1350_0063.72.png,train,FRII,200,True,FR-II,0.7749,True,True
./CombinedCat/PNG/Scaled_Final/197.355_+016.463.png,./MiraBest_data/200_197.355+016.463_0.1817_0011.43.png,train,FRII,200,True,FR-II,0.9307,True,True
./CombinedCat/PNG/Scaled_Final/196.690_+046.559.png,./MiraBest_data/200_196.690+046.559_0.2184_0008.26.png,train,FRII,200,True,FR-I,0.9117,False,False
./CombinedCat/PNG/Scaled_Final/192.271_+023.920.png,./MiraBest_data/200_192.271+023.920_0.2810_0028.03.png,train,FRII,200,True,FR-I,0.8298,False,False
./CombinedCat/PNG/Scaled_Final/230.205_+046.025.png,./MiraBest_data/200_230.205+046.025_0.2699_0022.33.png,train,FRI,200,False,FR-II,0.6551,False,True
./CombinedCat/PNG/Scaled_Final/209.670_+023.762.png,./MiraBest_data/200_209.670+023.762_0.3248_0013.06.png,train,FRII,200,True,FR-I,0.9443,False,False
./CombinedCat/PNG/Scaled_Final/168.986_+017.601.png,./MiraBest_data/200_168.986+017.601_0.3126_0031.61.png,train,FRII,200,True,FR-II,0.8324,True,True
./CombinedCat/PNG/Scaled_Final/150.661_+012.018.png,./MiraBest_data/200_150.661+012.018_0.2633_0016.53.png,train,FRII,200,True,FR-II,0.8743,True,True
./CombinedCat/PNG/Scaled_Final/157.953_+022.875.png,./MiraBest_data/200_157.953+022.875_0.3158_0031.41.png,train,FRII,200,True,FR-II,0.941,True,True
./CombinedCat/PNG/Scaled_Final/202.700_+022.002.png,./MiraBest_data/200_202.700+022.002_0.1893_0010.37.png,train,FRII,200,True,FR-II,0.9512,True,True
./CombinedCat/PNG/Scaled_Final/162.719_+040.014.png,./MiraBest_data/200_162.719+040.014_0.1295_0162.12.png,train,FRII,200,True,FR-II,0.9943,True,True
./CombinedCat/PNG/Scaled_Final/149.507_+028.860.png,./MiraBest_data/100_149.507+028.860_0.1336_0038.43.png,train,FRI,100,True,FR-I,0.9729,True,True
./CombinedCat/PNG/Scaled_Final/162.338_-000.668.png,./MiraBest_data/100_162.338-000.668_0.0387_0087.16.png,train,FRI,100,True,FR-I,0.9897,True,True
./CombinedCat/PNG/Scaled_Final/131.194_+011.915.png,./MiraBest_data/100_131.194+011.915_0.2445_0127.55.png,train,FRI,100,True,FR-I,0.9992,True,True
./CombinedCat/PNG/Scaled_Final/227.656_+036.825.png,./MiraBest_data/100_227.656+036.825_0.1643_0024.77.png,train,FRII,100,False,FR-I,0.9378,False,True
./CombinedCat/PNG/Scaled_Final/172.963_+011.262.png,./MiraBest_data/100_172.963+011.262_0.1685_0033.97.png,train,FRI,100,True,FR-I,0.977,True,True
./CombinedCat/PNG/Scaled_Final/158.761_+042.930.png,./MiraBest_data/100_158.761+042.930_0.1360_0084.05.png,train,FRI,100,True,FR-I,0.9803,True,True
./CombinedCat/PNG/Scaled_Final/175.299_+005.735.png,./MiraBest_data/100_175.299+005.735_0.0974_0063.84.png,train,FRI,100,True,FR-I,0.9979,True,True
./CombinedCat/PNG/Scaled_Final/167.886_+016.439.png,./MiraBest_data/100_167.886+016.439_0.2165_0093.36.png,train,FRI,100,True,FR-I,0.9977,True,True
./CombinedCat/PNG/Scaled_Final/192.305_+050.012.png,./MiraBest_data/100_192.305+050.012_0.3496_0036.15.png,train,FRI,100,True,FR-I,0.958,True,True
./CombinedCat/PNG/Scaled_Final/140.256_+011.496.png,./MiraBest_data/100_140.256+011.496_0.1601_0234.65.png,train,FRI,100,True,FR-I,0.9123,True,True
./CombinedCat/PNG/Scaled_Final/221.676_+003.935.png,./MiraBest_data/100_221.676+003.935_0.2691_0027.34.png,train,FRI,100,True,FR-I,0.9313,True,True
./CombinedCat/PNG/Scaled_Final/166.383_+041.097.png,./MiraBest_data/100_166.383+041.097_0.1521_0069.99.png,train,FRI,100,True,FR-I,0.8334,True,True
./CombinedCat/PNG/Scaled_Final/177.450_+043.904.png,./MiraBest_data/100_177.450+043.904_0.0709_0076.86.png,train,FRI,100,True,FR-I,0.9778,True,True
./CombinedCat/PNG/Scaled_Final/162.527_+030.679.png,./MiraBest_data/100_162.527+030.679_0.2551_0022.18.png,train,FRI,100,True,FR-II,0.7832,False,False
./CombinedCat/PNG/Scaled_Final/222.506_+014.797.png,./MiraBest_data/100_222.506+014.797_0.2995_0048.19.png,train,FRII,100,False,FR-I,0.9394,False,True
./CombinedCat/PNG/Scaled_Final/176.599_+010.083.png,./MiraBest_data/100_176.599+010.083_0.2010_0046.68.png,train,FRI,100,True,FR-I,0.7596,True,True
./CombinedCat/PNG/Scaled_Final/161.691_+031.741.png,./MiraBest_data/100_161.691+031.741_0.1139_0079.21.png,train,FRI,100,True,FR-I,0.9494,True,True
./CombinedCat/PNG/Scaled_Final/152.621_+007.673.png,./MiraBest_data/100_152.621+007.673_0.2153_0056.77.png,train,FRI,100,True,FR-II,0.8335,False,False
./CombinedCat/PNG/Scaled_Final/199.744_+016.316.png,./MiraBest_data/100_199.744+016.316_0.0851_0060.62.png,train,FRI,100,True,FR-I,0.9975,True,True
./CombinedCat/PNG/Scaled_Final/213.808_-001.618.png,./MiraBest_data/100_213.808-001.618_0.1496_0108.03.png,train,FRI,100,True,FR-I,0.7698,True,True
./CombinedCat/PNG/Scaled_Final/181.855_+014.357.png,./MiraBest_data/100_181.855+014.357_0.2319_0024.64.png,train,FRI,100,True,FR-II,0.6386,False,False
./CombinedCat/PNG/Scaled_Final/132.818_+008.456.png,./MiraBest_data/100_132.818+008.456_0.0635_0077.89.png,train,FRI,100,True,FR-I,0.9369,True,True
./CombinedCat/PNG/Scaled_Final/143.458_+045.333.png,./MiraBest_data/100_143.458+045.333_0.1339_0083.24.png,train,FRI,100,True,FR-I,0.9989,True,True
./CombinedCat/PNG/Scaled_Final/114.242_+043.484.png,./MiraBest_data/100_114.242+043.484_0.2731_0057.94.png,train,FRI,100,True,FR-I,0.9792,True,True
./CombinedCat/PNG/Scaled_Final/127.912_+022.573.png,./MiraBest_data/100_127.912+022.573_0.0869_0133.07.png,train,FRI,100,True,FR-I,0.9459,True,True
./CombinedCat/PNG/Scaled_Final/177.044_+021.887.png,./MiraBest_data/100_177.044+021.887_0.1743_0062.18.png,train,FRI,100,True,FR-I,0.9978,True,True
./CombinedCat/PNG/Scaled_Final/175.537_+004.626.png,./MiraBest_data/100_175.537+004.626_0.1593_0114.10.png,train,FRI,100,True,FR-I,0.9813,True,True
./CombinedCat/PNG/Scaled_Final/201.970_+020.154.png,./MiraBest_data/200_201.970+020.154_0.2883_0009.75.png,train,FRII,200,True,FR-I,0.6545,False,False
./CombinedCat/PNG/Scaled_Final/178.756_+016.561.png,./MiraBest_data/200_178.756+016.561_0.2946_0020.87.png,train,FRII,200,True,FR-II,0.5839,True,True
./CombinedCat/PNG/Scaled_Final/144.618_+005.704.png,./MiraBest_data/200_144.618+005.704_0.3546_0034.07.png,train,FRII,200,True,FR-II,0.9546,True,True
./CombinedCat/PNG/Scaled_Final/196.885_+044.057.png,./MiraBest_data/200_196.885+044.057_0.2025_0107.51.png,train,FRII,200,True,FR-II,0.6579,True,True
./CombinedCat/PNG/Scaled_Final/170.675_+021.558.png,./MiraBest_data/200_170.675+021.558_0.1912_0009.78.png,train,FRII,200,True,FR-II,0.511,True,True
./CombinedCat/PNG/Scaled_Final/232.533_+023.271.png,./MiraBest_data/200_232.533+023.271_0.0899_0100.56.png,train,FRII,200,True,FR-II,0.708,True,True
./CombinedCat/PNG/Scaled_Final/202.966_-002.872.png,./MiraBest_data/200_202.966-002.872_0.0865_0029.44.png,train,FRII,200,True,FR-II,0.7327,True,True
./CombinedCat/PNG/Scaled_Final/016.351_-009.813.png,./MiraBest_data/200_016.351-009.813_0.1644_0011.20.png,train,FRII,200,True,FR-II,0.9426,True,True
./CombinedCat/PNG/Scaled_Final/131.594_+003.261.png,./MiraBest_data/200_131.594+003.261_0.2055_0030.17.png,train,FRII,200,True,FR-II,0.9858,True,True
./CombinedCat/PNG/Scaled_Final/124.120_+008.963.png,./MiraBest_data/200_124.120+008.963_0.2554_0017.74.png,train,FRII,200,True,FR-II,0.9488,True,True
./CombinedCat/PNG/Scaled_Final/233.986_+051.421.png,./MiraBest_data/200_233.986+051.421_0.1621_0010.36.png,train,FRI,200,False,FR-II,0.9424,False,True
./CombinedCat/PNG/Scaled_Final/154.385_+063.498.png,./MiraBest_data/200_154.385+063.498_0.1838_0027.40.png,train,FRII,200,True,FR-II,0.971,True,True
./CombinedCat/PNG/Scaled_Final/205.171_+028.869.png,./MiraBest_data/200_205.171+028.869_0.2480_0009.51.png,train,FRII,200,True,FR-I,0.8398,False,False
./CombinedCat/PNG/Scaled_Final/167.616_+005.428.png,./MiraBest_data/200_167.616+005.428_0.4419_0053.78.png,train,FRII,200,True,FR-I,0.7752,False,False
./CombinedCat/PNG/Scaled_Final/029.202_-001.114.png,./MiraBest_data/200_029.202-001.114_0.2375_0015.46.png,train,FRII,200,True,FR-II,0.5987,True,True
./CombinedCat/PNG/Scaled_Final/194.351_+006.521.png,./MiraBest_data/200_194.351+006.521_0.1750_0075.93.png,train,FRII,200,True,FR-II,0.9956,True,True
./CombinedCat/PNG/Scaled_Final/154.644_-000.840.png,./MiraBest_data/200_154.644-000.840_0.3410_0027.38.png,train,FRII,200,True,FR-II,0.9601,True,True
./CombinedCat/PNG/Scaled_Final/147.709_-000.888.png,./MiraBest_data/200_147.709-000.888_0.2715_0030.00.png,train,FRII,200,True,FR-I,0.573,False,False
./CombinedCat/PNG/Scaled_Final/195.935_+037.937.png,./MiraBest_data/200_195.935+037.937_0.4707_0026.68.png,train,FRII,200,True,FR-II,0.9846,True,True
./CombinedCat/PNG/Scaled_Final/116.727_+019.570.png,./MiraBest_data/200_116.727+019.570_0.3850_0014.52.png,train,FRII,200,True,FR-II,0.7632,True,True
./CombinedCat/PNG/Scaled_Final/126.725_+039.812.png,./MiraBest_data/200_126.725+039.812_0.2356_0024.39.png,train,FRII,200,True,FR-I,0.8726,False,False
./CombinedCat/PNG/Scaled_Final/137.973_+037.404.png,./MiraBest_data/200_137.973+037.404_0.1043_0030.64.png,train,FRII,200,True,FR-II,0.9996,True,True
./CombinedCat/PNG/Scaled_Final/138.315_+000.746.png,./MiraBest_data/200_138.315+000.746_0.2253_0037.53.png,train,FRII,200,True,FR-II,0.9011,True,True
./CombinedCat/PNG/Scaled_Final/213.547_+020.018.png,./MiraBest_data/200_213.547+020.018_0.2502_0012.15.png,train,FRII,200,True,FR-I,0.535,False,False
./CombinedCat/PNG/Scaled_Final/157.868_+008.723.png,./MiraBest_data/200_157.868+008.723_0.1410_0051.59.png,train,FRII,200,True,FR-II,0.9951,True,True
./CombinedCat/PNG/Scaled_Final/219.146_+020.632.png,./MiraBest_data/200_219.146+020.632_0.3221_0011.80.png,train,FRII,200,True,FR-I,0.8361,False,False
./CombinedCat/PNG/Scaled_Final/165.146_+025.653.png,./MiraBest_data/200_165.146+025.653_0.1446_0056.36.png,train,FRII,200,True,FR-II,0.9996,True,True
./CombinedCat/PNG/Scaled_Final/166.542_+025.199.png,./MiraBest_data/200_166.542+025.199_0.1726_0014.56.png,train,FRII,200,True,FR-II,0.9786,True,True
./CombinedCat/PNG/Scaled_Final/206.476_+004.003.png,./MiraBest_data/200_206.476+004.003_0.1898_0031.94.png,train,FRII,200,True,FR-II,0.6248,True,True
./CombinedCat/PNG/Scaled_Final/153.566_+010.852.png,./MiraBest_data/200_153.566+010.852_0.3878_0027.36.png,train,FRII,200,True,FR-II,0.9742,True,True
./CombinedCat/PNG/Scaled_Final/216.684_+049.544.png,./MiraBest_data/200_216.684+049.544_0.1911_0019.82.png,train,FRII,200,True,FR-II,0.9938,True,True
./CombinedCat/PNG/Scaled_Final/203.457_+018.411.png,./MiraBest_data/200_203.457+018.411_0.3308_0008.04.png,train,FRII,200,True,FR-II,0.9564,True,True
./CombinedCat/PNG/Scaled_Final/030.572_-001.128.png,./MiraBest_data/200_030.572-001.128_0.0426_0045.04.png,train,FRII,200,True,FR-I,0.8886,False,False
./CombinedCat/PNG/Scaled_Final/163.369_+056.392.png,./MiraBest_data/200_163.369+056.392_0.3604_0035.49.png,train,FRII,200,True,FR-II,0.972,True,True
./CombinedCat/PNG/Scaled_Final/227.321_+004.517.png,./MiraBest_data/200_227.321+004.517_0.2272_0037.08.png,train,FRII,200,True,FR-I,0.6999,False,False
./CombinedCat/PNG/Scaled_Final/140.796_+010.512.png,./MiraBest_data/200_140.796+010.512_0.5195_0009.85.png,train,FRII,200,True,FR-I,0.6104,False,False
./CombinedCat/PNG/Scaled_Final/152.395_+004.297.png,./MiraBest_data/200_152.395+004.297_0.2405_0067.02.png,train,FRII,200,True,FR-II,0.8708,True,True
./CombinedCat/PNG/Scaled_Final/178.495_+009.658.png,./MiraBest_data/200_178.495+009.658_0.1028_0217.09.png,train,FRII,200,True,FR-II,0.9485,True,True
./CombinedCat/PNG/Scaled_Final/201.686_+003.199.png,./MiraBest_data/100_201.686+003.199_0.1761_0030.32.png,train,FRI,100,True,FR-II,0.6805,False,False
./CombinedCat/PNG/Scaled_Final/210.563_+023.301.png,./MiraBest_data/100_210.563+023.301_0.1613_0065.80.png,train,FRI,100,True,FR-I,0.9718,True,True
./CombinedCat/PNG/Scaled_Final/133.272_+054.618.png,./MiraBest_data/100_133.272+054.618_0.1133_0072.25.png,train,FRI,100,True,FR-I,0.995,True,True
./CombinedCat/PNG/Scaled_Final/155.298_+018.636.png,./MiraBest_data/100_155.298+018.636_0.1196_0176.33.png,train,FRI,100,True,FR-I,0.9802,True,True
./CombinedCat/PNG/Scaled_Final/155.460_+008.143.png,./MiraBest_data/100_155.460+008.143_0.1033_0044.56.png,train,FRI,100,True,FR-II,0.9428,False,False
./CombinedCat/PNG/Scaled_Final/186.594_+064.106.png,./MiraBest_data/100_186.594+064.106_0.1102_0047.24.png,train,FRI,100,True,FR-I,0.8144,True,True
./CombinedCat/PNG/Scaled_Final/156.052_+021.090.png,./MiraBest_data/100_156.052+021.090_0.2172_0025.37.png,train,FRI,100,True,FR-I,0.764,True,True
./CombinedCat/PNG/Scaled_Final/230.344_+004.342.png,./MiraBest_data/100_230.344+004.342_0.0522_0220.27.png,train,FRI,100,True,FR-I,0.948,True,True
./CombinedCat/PNG/Scaled_Final/206.713_+041.865.png,./MiraBest_data/100_206.713+041.865_0.2396_0062.40.png,train,FRI,100,True,FR-I,0.9466,True,True
./CombinedCat/PNG/Scaled_Final/179.194_+030.191.png,./MiraBest_data/100_179.194+030.191_0.1976_0034.65.png,train,FRI,100,True,FR-I,0.9686,True,True
./CombinedCat/PNG/Scaled_Final/161.928_+043.781.png,./MiraBest_data/100_161.928+043.781_0.0858_0112.61.png,train,FRI,100,True,FR-I,0.7274,True,True
./CombinedCat/PNG/Scaled_Final/186.964_+063.385.png,./MiraBest_data/100_186.964+063.385_0.1455_0046.87.png,train,FRI,100,True,FR-I,0.9837,True,True
./CombinedCat/PNG/Scaled_Final/142.689_+016.991.png,./MiraBest_data/100_142.689+016.991_0.1772_0026.00.png,train,FRI,100,True,FR-II,0.7265,False,False
./CombinedCat/PNG/Scaled_Final/173.095_+039.591.png,./MiraBest_data/100_173.095+039.591_0.1828_0157.67.png,train,FRI,100,True,FR-I,0.934,True,True
./CombinedCat/PNG/Scaled_Final/124.729_+020.106.png,./MiraBest_data/100_124.729+020.106_0.0755_0033.11.png,train,FRI,100,True,FR-II,0.5477,False,False
./CombinedCat/PNG/Scaled_Final/220.270_+018.854.png,./MiraBest_data/100_220.270+018.854_0.1071_0111.70.png,train,FRI,100,True,FR-II,0.5162,False,False
./CombinedCat/PNG/Scaled_Final/135.219_+050.940.png,./MiraBest_data/100_135.219+050.940_0.2017_0058.68.png,train,FRI,100,True,FR-I,0.9942,True,True
./CombinedCat/PNG/Scaled_Final/160.305_+056.809.png,./MiraBest_data/100_160.305+056.809_0.1854_0034.78.png,train,FRI,100,True,FR-I,0.8792,True,True
./CombinedCat/PNG/Scaled_Final/182.057_+044.062.png,./MiraBest_data/100_182.057+044.062_0.3405_0058.44.png,train,FRI,100,True,FR-I,0.7434,True,True
./CombinedCat/PNG/Scaled_Final/125.564_+031.677.png,./MiraBest_data/100_125.564+031.677_0.2420_0031.98.png,train,FRI,100,True,FR-II,0.8685,False,False
./CombinedCat/PNG/Scaled_Final/225.017_+013.463.png,./MiraBest_data/100_225.017+013.463_0.1116_0114.75.png,train,FRII,100,False,FR-I,0.9915,False,True
./CombinedCat/PNG/Scaled_Final/166.713_+014.203.png,./MiraBest_data/100_166.713+014.203_0.0451_0199.52.png,train,FRI,100,True,FR-I,0.9956,True,True
./CombinedCat/PNG/Scaled_Final/149.174_+018.597.png,./MiraBest_data/100_149.174+018.597_0.1658_0049.58.png,train,FRI,100,True,FR-I,0.9323,True,True
./CombinedCat/PNG/Scaled_Final/168.384_+035.985.png,./MiraBest_data/100_168.384+035.985_0.0785_0087.72.png,train,FRII,100,False,FR-I,0.7432,False,True
./CombinedCat/PNG/Scaled_Final/181.310_+032.071.png,./MiraBest_data/100_181.310+032.071_0.1662_0168.13.png,train,FRI,100,True,FR-I,0.9953,True,True
./CombinedCat/PNG/Scaled_Final/120.305_+034.675.png,./MiraBest_data/100_120.305+034.675_0.0827_0044.84.png,train,FRI,100,True,FR-I,0.9948,True,True
./CombinedCat/PNG/Scaled_Final/119.617_+037.787.png,./MiraBest_data/100_119.617+037.787_0.0408_0104.36.png,train,FRI,100,True,FR-I,0.7345,True,True
./CombinedCat/PNG/Scaled_Final/132.983_+042.733.png,./MiraBest_data/100_132.983+042.733_0.1508_0161.30.png,train,FRI,100,True,FR-I,0.7771,True,True
./CombinedCat/PNG/Scaled_Final/185.137_+000.072.png,./MiraBest_data/100_185.137+000.072_0.1585_0135.33.png,train,FRI,100,True,FR-I,0.9581,True,True
./CombinedCat/PNG/Scaled_Final/198.490_+032.113.png,./MiraBest_data/100_198.490+032.113_0.1868_0019.97.png,train,FRI,100,True,FR-I,0.8614,True,True
./CombinedCat/PNG/Scaled_Final/118.875_+052.081.png,./MiraBest_data/200_118.875+052.081_0.1399_0023.82.png,train,FRII,200,True,FR-II,0.9277,True,True
./CombinedCat/PNG/Scaled_Final/220.187_+035.234.png,./MiraBest_data/200_220.187+035.234_0.1580_0011.47.png,train,FRII,200,True,FR-II,0.6101,True,True
./CombinedCat/PNG/Scaled_Final/130.674_+039.181.png,./MiraBest_data/200_130.674+039.181_0.1166_0020.46.png,train,FRII,200,True,FR-II,0.8943,True,True
./CombinedCat/PNG/Scaled_Final/203.211_+057.662.png,./MiraBest_data/200_203.211+057.662_0.3010_0013.36.png,train,FRII,200,True,FR-II,0.7997,True,True
./CombinedCat/PNG/Scaled_Final/132.579_+016.840.png,./MiraBest_data/200_132.579+016.840_0.3138_0010.52.png,train,FRII,200,True,FR-II,0.6645,True,True
./CombinedCat/PNG/Scaled_Final/180.514_-001.429.png,./MiraBest_data/200_180.514-001.429_0.2654_0035.59.png,train,FRII,200,True,FR-I,0.6747,False,False
./CombinedCat/PNG/Scaled_Final/153.319_+006.755.png,./MiraBest_data/200_153.319+006.755_0.1239_0017.22.png,train,FRII,200,True,FR-II,0.9916,True,True
./CombinedCat/PNG/Scaled_Final/190.713_+011.018.png,./MiraBest_data/200_190.713+011.018_0.5032_0009.98.png,train,FRII,200,True,FR-II,0.7657,True,True
./CombinedCat/PNG/Scaled_Final/153.993_+040.780.png,./MiraBest_data/200_153.993+040.780_0.1279_0127.61.png,train,FRII,200,True,FR-II,0.9953,True,True
./CombinedCat/PNG/Scaled_Final/160.411_+063.104.png,./MiraBest_data/200_160.411+063.104_0.3758_0009.31.png,train,FRII,200,True,FR-II,0.8643,True,True
./CombinedCat/PNG/Scaled_Final/120.283_+043.842.png,./MiraBest_data/200_120.283+043.842_0.2553_0018.84.png,train,FRII,200,True,FR-II,0.983,True,True
./CombinedCat/PNG/Scaled_Final/132.341_+054.225.png,./MiraBest_data/200_132.341+054.225_0.1135_0023.85.png,train,FRII,200,True,FR-II,0.8241,True,True
./CombinedCat/PNG/Scaled_Final/178.470_+038.197.png,./MiraBest_data/200_178.470+038.197_0.1981_0070.84.png,train,FRII,200,True,FR-II,0.9535,True,True
./CombinedCat/PNG/Scaled_Final/158.986_+054.437.png,./MiraBest_data/200_158.986+054.437_0.3511_0203.73.png,train,FRII,200,True,FR-I,0.7063,False,False
./CombinedCat/PNG/Scaled_Final/201.909_-002.053.png,./MiraBest_data/200_201.909-002.053_0.1827_0014.33.png,train,FRII,200,True,FR-II,0.8767,True,True
./CombinedCat/PNG/Scaled_Final/127.790_+041.794.png,./MiraBest_data/200_127.790+041.794_0.1320_0161.42.png,train,FRII,200,True,FR-II,0.9715,True,True
./CombinedCat/PNG/Scaled_Final/186.436_+059.692.png,./MiraBest_data/200_186.436+059.692_0.2183_0052.51.png,train,FRII,200,True,FR-II,0.691,True,True
./CombinedCat/PNG/Scaled_Final/224.873_+024.303.png,./MiraBest_data/200_224.873+024.303_0.1632_0013.40.png,train,FRII,200,True,FR-II,0.7779,True,True
./CombinedCat/PNG/Scaled_Final/165.559_+024.499.png,./MiraBest_data/200_165.559+024.499_0.1443_0042.37.png,train,FRII,200,True,FR-II,0.6596,True,True
./CombinedCat/PNG/Scaled_Final/145.350_+039.745.png,./MiraBest_data/200_145.350+039.745_0.1075_0074.85.png,train,FRII,200,True,FR-II,0.9893,True,True
./CombinedCat/PNG/Scaled_Final/196.466_+036.381.png,./MiraBest_data/200_196.466+036.381_0.3145_0025.97.png,train,FRII,200,True,FR-II,0.9904,True,True
./CombinedCat/PNG/Scaled_Final/138.645_+002.455.png,./MiraBest_data/200_138.645+002.455_0.3148_0040.46.png,train,FRII,200,True,FR-II,0.9834,True,True
./CombinedCat/PNG/Scaled_Final/170.360_+053.749.png,./MiraBest_data/200_170.360+053.749_0.1038_0103.19.png,train,FRII,200,True,FR-I,0.9862,False,False
./CombinedCat/PNG/Scaled_Final/223.341_+046.912.png,./MiraBest_data/200_223.341+046.912_0.1311_0010.05.png,train,FRII,200,True,FR-II,0.8924,True,True
./CombinedCat/PNG/Scaled_Final/154.631_+046.155.png,./MiraBest_data/200_154.631+046.155_0.1654_0161.77.png,train,FRII,200,True,FR-II,0.6183,True,True
./CombinedCat/PNG/Scaled_Final/194.598_+001.840.png,./MiraBest_data/200_194.598+001.840_0.3576_0019.62.png,train,FRII,200,True,FR-II,0.6397,True,True
./CombinedCat/PNG/Scaled_Final/214.511_+033.213.png,./MiraBest_data/200_214.511+033.213_0.4009_0029.85.png,train,FRII,200,True,FR-I,0.5451,False,False
./CombinedCat/PNG/Scaled_Final/188.186_+033.454.png,./MiraBest_data/200_188.186+033.454_0.4025_0029.33.png,train,FRII,200,True,FR-I,0.6293,False,False
./CombinedCat/PNG/Scaled_Final/149.742_+028.319.png,./MiraBest_data/200_149.742+028.319_0.2445_0009.60.png,train,FRII,200,True,FR-II,0.7637,True,True
./CombinedCat/PNG/Scaled_Final/012.414_+000.998.png,./MiraBest_data/200_012.414+000.998_0.3047_0034.35.png,train,FRII,200,True,FR-II,0.9875,True,True
./CombinedCat/PNG/Scaled_Final/154.977_+039.506.png,./MiraBest_data/200_154.977+039.506_0.1121_0104.92.png,train,FRII,200,True,FR-II,0.9766,True,True
./CombinedCat/PNG/Scaled_Final/235.422_+050.794.png,./MiraBest_data/200_235.422+050.794_0.4239_0037.18.png,train,FRI,200,False,FR-II,0.8184,False,True
./CombinedCat/PNG/Scaled_Final/198.666_+033.502.png,./MiraBest_data/200_198.666+033.502_0.3007_0019.53.png,train,FRII,200,True,FR-II,0.8746,True,True
./CombinedCat/PNG/Scaled_Final/177.712_-003.187.png,./MiraBest_data/200_177.712-003.187_0.1285_0009.23.png,train,FRII,200,True,FR-II,0.9732,True,True
./CombinedCat/PNG/Scaled_Final/160.940_+051.011.png,./MiraBest_data/200_160.940+051.011_0.2733_0011.02.png,train,FRII,200,True,FR-II,0.8498,True,True
./CombinedCat/PNG/Scaled_Final/163.438_+003.538.png,./MiraBest_data/200_163.438+003.538_0.2354_0046.65.png,train,FRII,200,True,FR-II,0.9613,True,True
./CombinedCat/PNG/Scaled_Final/205.333_+023.837.png,./MiraBest_data/200_205.333+023.837_0.4207_0018.31.png,train,FRII,200,True,FR-II,0.9345,True,True
./CombinedCat/PNG/Scaled_Final/163.221_+048.443.png,./MiraBest_data/200_163.221+048.443_0.4743_0009.99.png,train,FRII,200,True,FR-II,0.7564,True,True
./CombinedCat/PNG/Scaled_Final/153.027_+008.693.png,./MiraBest_data/100_153.027+008.693_0.0984_0091.60.png,train,FRI,100,True,FR-I,0.9964,True,True
./CombinedCat/PNG/Scaled_Final/156.390_+035.962.png,./MiraBest_data/100_156.390+035.962_0.1191_0034.39.png,train,FRI,100,True,FR-I,0.9861,True,True
./CombinedCat/PNG/Scaled_Final/168.021_+037.592.png,./MiraBest_data/100_168.021+037.592_0.2137_0058.32.png,train,FRI,100,True,FR-I,0.995,True,True
./CombinedCat/PNG/Scaled_Final/208.095_+061.894.png,./MiraBest_data/100_208.095+061.894_0.1786_0029.61.png,train,FRI,100,True,FR-II,0.9483,False,False
./CombinedCat/PNG/Scaled_Final/190.286_+027.580.png,./MiraBest_data/100_190.286+027.580_0.1985_0038.96.png,train,FRI,100,True,FR-I,0.9962,True,True
./CombinedCat/PNG/Scaled_Final/203.420_+004.252.png,./MiraBest_data/100_203.420+004.252_0.1704_0069.15.png,train,FRI,100,True,FR-I,0.6906,True,True
./CombinedCat/PNG/Scaled_Final/153.600_+050.306.png,./MiraBest_data/100_153.600+050.306_0.3817_0036.57.png,train,FRI,100,True,FR-I,0.6793,True,True
./CombinedCat/PNG/Scaled_Final/166.351_+059.728.png,./MiraBest_data/100_166.351+059.728_0.3595_0023.57.png,train,FRI,100,True,FR-I,0.8153,True,True
./CombinedCat/PNG/Scaled_Final/206.424_+031.402.png,./MiraBest_data/100_206.424+031.402_0.2224_0030.18.png,train,FRI,100,True,FR-II,0.568,False,False
./CombinedCat/PNG/Scaled_Final/196.364_+026.752.png,./MiraBest_data/100_196.364+026.752_0.3321_0019.79.png,train,FRI,100,True,FR-II,0.9654,False,False
./CombinedCat/PNG/Scaled_Final/162.481_+046.320.png,./MiraBest_data/100_162.481+046.320_0.3508_0078.24.png,train,FRI,100,True,FR-I,0.9979,True,True
./CombinedCat/PNG/Scaled_Final/158.245_+056.748.png,./MiraBest_data/100_158.245+056.748_0.0448_0201.83.png,train,FRI,100,True,FR-I,0.955,True,True
./CombinedCat/PNG/Scaled_Final/199.056_+009.544.png,./MiraBest_data/100_199.056+009.544_0.0937_0081.02.png,train,FRI,100,True,FR-I,0.7402,True,True
./CombinedCat/PNG/Scaled_Final/225.621_+052.734.png,./MiraBest_data/100_225.621+052.734_0.1331_0064.20.png,train,FRI,100,True,FR-I,0.8033,True,True
./CombinedCat/PNG/Scaled_Final/181.244_+045.994.png,./MiraBest_data/100_181.244+045.994_0.2130_0072.27.png,train,FRI,100,True,FR-I,0.9998,True,True
./CombinedCat/PNG/Scaled_Final/202.660_+038.269.png,./MiraBest_data/100_202.660+038.269_0.1098_0097.55.png,train,FRI,100,True,FR-I,0.9978,True,True
./CombinedCat/PNG/Scaled_Final/197.653_+024.313.png,./MiraBest_data/100_197.653+024.313_0.2819_0036.85.png,train,FRI,100,True,FR-I,0.9944,True,True
./CombinedCat/PNG/Scaled_Final/219.581_+020.316.png,./MiraBest_data/100_219.581+020.316_0.4529_0027.66.png,train,FRI,100,True,FR-I,0.7017,True,True
./CombinedCat/PNG/Scaled_Final/222.666_+044.308.png,./MiraBest_data/100_222.666+044.308_0.2862_0110.11.png,train,FRI,100,True,FR-I,0.9965,True,True
./CombinedCat/PNG/Scaled_Final/221.609_+006.566.png,./MiraBest_data/100_221.609+006.566_0.0625_0051.49.png,train,FRI,100,True,FR-I,0.991,True,True
./CombinedCat/PNG/Scaled_Final/122.412_+034.927.png,./MiraBest_data/100_122.412+034.927_0.0825_0124.74.png,train,FRI,100,True,FR-I,0.9645,True,True
./CombinedCat/PNG/Scaled_Final/126.640_+021.730.png,./MiraBest_data/100_126.640+021.730_0.2614_0054.02.png,train,FRI,100,True,FR-I,0.9919,True,True
./CombinedCat/PNG/Scaled_Final/128.445_+045.255.png,./MiraBest_data/100_128.445+045.255_0.1800_0085.36.png,train,FRI,100,True,FR-I,0.9989,True,True
./CombinedCat/PNG/Scaled_Final/159.204_+048.830.png,./MiraBest_data/100_159.204+048.830_0.3789_0021.88.png,train,FRI,100,True,FR-I,0.9093,True,True
./CombinedCat/PNG/Scaled_Final/214.538_+019.324.png,./MiraBest_data/100_214.538+019.324_0.2015_0028.50.png,train,FRI,100,True,FR-II,0.815,False,False
./CombinedCat/PNG/Scaled_Final/228.706_+010.284.png,./MiraBest_data/100_228.706+010.284_0.0572_0089.94.png,train,FRII,100,False,FR-I,0.9967,False,True
./CombinedCat/PNG/Scaled_Final/128.103_+018.815.png,./MiraBest_data/100_128.103+018.815_0.1138_0093.70.png,train,FRI,100,True,FR-I,0.996,True,True
./CombinedCat/PNG/Scaled_Final/159.653_+001.297.png,./MiraBest_data/100_159.653+001.297_0.1285_0095.92.png,train,FRI,100,True,FR-I,0.9968,True,True
./CombinedCat/PNG/Scaled_Final/169.888_+063.288.png,./MiraBest_data/100_169.888+063.288_0.1533_0119.02.png,train,FRI,100,True,FR-I,0.9692,True,True
./CombinedCat/PNG/Scaled_Final/159.159_+014.024.png,./MiraBest_data/100_159.159+014.024_0.2007_0020.15.png,train,FRI,100,True,FR-I,0.946,True,True
./CombinedCat/PNG/Scaled_Final/174.706_+045.005.png,./MiraBest_data/200_174.706+045.005_0.3401_0016.43.png,train,FRII,200,True,FR-II,0.9642,True,True
./CombinedCat/PNG/Scaled_Final/134.430_+003.376.png,./MiraBest_data/200_134.430+003.376_0.2014_0011.42.png,train,FRII,200,True,FR-II,0.7388,True,True
./CombinedCat/PNG/Scaled_Final/164.399_+002.571.png,./MiraBest_data/200_164.399+002.571_0.3481_0018.82.png,train,FRII,200,True,FR-II,0.9466,True,True
./CombinedCat/PNG/Scaled_Final/160.631_+002.620.png,./MiraBest_data/200_160.631+002.620_0.1870_0080.49.png,train,FRII,200,True,FR-II,0.9904,True,True
./CombinedCat/PNG/Scaled_Final/200.324_+042.588.png,./MiraBest_data/200_200.324+042.588_0.0794_0162.77.png,train,FRII,200,True,FR-II,0.9846,True,True
./CombinedCat/PNG/Scaled_Final/000.395_-008.865.png,./MiraBest_data/200_000.395-008.865_0.1765_0010.28.png,train,FRII,200,True,FR-II,0.9734,True,True
./CombinedCat/PNG/Scaled_Final/205.715_+031.181.png,./MiraBest_data/200_205.715+031.181_0.2846_0080.34.png,train,FRII,200,True,FR-II,0.5533,True,True
./CombinedCat/PNG/Scaled_Final/207.557_+028.279.png,./MiraBest_data/200_207.557+028.279_0.0721_0034.99.png,train,FRII,200,True,FR-II,1.0,True,True
./CombinedCat/PNG/Scaled_Final/203.753_+058.718.png,./MiraBest_data/200_203.753+058.718_0.1517_0031.53.png,train,FRII,200,True,FR-II,0.9995,True,True
./CombinedCat/PNG/Scaled_Final/211.430_+013.970.png,./MiraBest_data/200_211.430+013.970_0.2976_0008.38.png,train,FRII,200,True,FR-II,0.9559,True,True
./CombinedCat/PNG/Scaled_Final/232.860_+052.598.png,./MiraBest_data/200_232.860+052.598_0.2053_0073.08.png,train,FRI,200,False,FR-II,0.9936,False,True
./CombinedCat/PNG/Scaled_Final/161.634_+054.600.png,./MiraBest_data/200_161.634+054.600_0.1447_0264.34.png,train,FRII,200,True,FR-II,0.9508,True,True
./CombinedCat/PNG/Scaled_Final/154.677_+058.977.png,./MiraBest_data/200_154.677+058.977_0.1981_0019.87.png,train,FRII,200,True,FR-II,0.9982,True,True
./CombinedCat/PNG/Scaled_Final/223.357_+041.120.png,./MiraBest_data/200_223.357+041.120_0.1986_0024.65.png,train,FRII,200,True,FR-I,0.6175,False,False
./CombinedCat/PNG/Scaled_Final/135.460_+055.924.png,./MiraBest_data/200_135.460+055.924_0.1409_0176.48.png,train,FRII,200,True,FR-II,0.9898,True,True
./CombinedCat/PNG/Scaled_Final/221.030_+041.797.png,./MiraBest_data/200_221.030+041.797_0.1880_0063.42.png,train,FRII,200,True,FR-II,0.8142,True,True
./CombinedCat/PNG/Scaled_Final/161.558_+018.294.png,./MiraBest_data/200_161.558+018.294_0.3034_0018.35.png,train,FRII,200,True,FR-I,0.9713,False,False
./CombinedCat/PNG/Scaled_Final/035.137_+000.468.png,./MiraBest_data/200_035.137+000.468_0.2721_0014.68.png,train,FRII,200,True,FR-II,0.5476,True,True
./CombinedCat/PNG/Scaled_Final/111.925_+044.567.png,./MiraBest_data/200_111.925+044.567_0.2788_0011.26.png,train,FRII,200,True,FR-I,0.9452,False,False
./CombinedCat/PNG/Scaled_Final/180.424_+022.946.png,./MiraBest_data/200_180.424+022.946_0.2595_0095.46.png,train,FRII,200,True,FR-II,0.6135,True,True
./CombinedCat/PNG/Scaled_Final/124.008_+038.071.png,./MiraBest_data/200_124.008+038.071_0.1727_0023.74.png,train,FRII,200,True,FR-II,0.9978,True,True
./CombinedCat/PNG/Scaled_Final/131.371_+042.331.png,./MiraBest_data/200_131.371+042.331_0.1330_0132.23.png,train,FRII,200,True,FR-II,0.9811,True,True
./CombinedCat/PNG/Scaled_Final/219.422_+045.393.png,./MiraBest_data/200_219.422+045.393_0.2480_0010.62.png,train,FRII,200,True,FR-II,0.6864,True,True
./CombinedCat/PNG/Scaled_Final/230.690_+019.706.png,./MiraBest_data/200_230.690+019.706_0.1094_0025.44.png,train,FRII,200,True,FR-II,0.5575,True,True
./CombinedCat/PNG/Scaled_Final/141.653_+026.467.png,./MiraBest_data/200_141.653+026.467_0.4161_0008.68.png,train,FRII,200,True,FR-II,0.5068,True,True
./CombinedCat/PNG/Scaled_Final/139.748_+055.322.png,./MiraBest_data/200_139.748+055.322_0.2260_0010.58.png,train,FRII,200,True,FR-I,0.6572,False,False
./CombinedCat/PNG/Scaled_Final/130.261_+004.792.png,./MiraBest_data/200_130.261+004.792_0.2025_0012.63.png,train,FRII,200,True,FR-I,0.5368,False,False
./CombinedCat/PNG/Scaled_Final/129.673_+004.736.png,./MiraBest_data/200_129.673+004.736_0.4554_0033.03.png,train,FRII,200,True,FR-II,0.6924,True,True
./CombinedCat/PNG/Scaled_Final/143.649_+014.345.png,./MiraBest_data/200_143.649+014.345_0.3347_0031.54.png,train,FRII,200,True,FR-II,0.9665,True,True
./CombinedCat/PNG/Scaled_Final/128.130_+035.287.png,./MiraBest_data/200_128.130+035.287_0.2688_0037.85.png,train,FRII,200,True,FR-II,0.9726,True,True
./CombinedCat/PNG/Scaled_Final/198.791_+008.681.png,./MiraBest_data/200_198.791+008.681_0.0926_0216.51.png,train,FRII,200,True,FR-II,0.9893,True,True
./CombinedCat/PNG/Scaled_Final/165.466_+016.677.png,./MiraBest_data/200_165.466+016.677_0.0691_0190.38.png,train,FRII,200,True,FR-II,0.9618,True,True
./CombinedCat/PNG/Scaled_Final/164.784_+026.571.png,./MiraBest_data/200_164.784+026.571_0.1752_0013.70.png,train,FRII,200,True,FR-II,0.8227,True,True
./CombinedCat/PNG/Scaled_Final/140.129_+040.313.png,./MiraBest_data/200_140.129+040.313_0.2948_0052.36.png,train,FRII,200,True,FR-I,0.5322,False,False
./CombinedCat/PNG/Scaled_Final/165.604_+004.181.png,./MiraBest_data/200_165.604+004.181_0.3420_0032.43.png,train,FRII,200,True,FR-I,0.8886,False,False
./CombinedCat/PNG/Scaled_Final/181.946_+045.234.png,./MiraBest_data/200_181.946+045.234_0.4280_0049.59.png,train,FRII,200,True,FR-II,0.9895,True,True
./CombinedCat/PNG/Scaled_Final/169.641_+031.255.png,./MiraBest_data/100_169.641+031.255_0.2181_0081.13.png,train,FRI,100,True,FR-I,0.9917,True,True
./CombinedCat/PNG/Scaled_Final/138.316_+052.149.png,./MiraBest_data/100_138.316+052.149_0.1900_0071.77.png,train,FRI,100,True,FR-I,0.9933,True,True
./CombinedCat/PNG/Scaled_Final/229.117_+018.110.png,./MiraBest_data/100_229.117+018.110_0.3378_0056.78.png,train,FRI,100,True,FR-I,0.8551,True,True
./CombinedCat/PNG/Scaled_Final/162.495_+000.322.png,./MiraBest_data/100_162.495+000.322_0.0390_0083.86.png,train,FRI,100,True,FR-I,0.9956,True,True
./CombinedCat/PNG/Scaled_Final/220.087_+011.419.png,./MiraBest_data/100_220.087+011.419_0.3109_0038.11.png,train,FRI,100,True,FR-II,0.6614,False,False
./CombinedCat/PNG/Scaled_Final/209.019_+012.133.png,./MiraBest_data/100_209.019+012.133_0.3492_0037.35.png,train,FRI,100,True,FR-I,0.9976,True,True
./CombinedCat/PNG/Scaled_Final/141.028_+013.217.png,./MiraBest_data/100_141.028+013.217_0.0801_0057.09.png,train,FRI,100,True,FR-I,0.951,True,True
./CombinedCat/PNG/Scaled_Final/221.752_+046.045.png,./MiraBest_data/100_221.752+046.045_0.1278_0109.90.png,train,FRI,100,True,FR-I,0.9975,True,True
./CombinedCat/PNG/Scaled_Final/154.833_+042.460.png,./MiraBest_data/100_154.833+042.460_0.3608_0049.75.png,train,FRI,100,True,FR-I,0.9329,True,True
./CombinedCat/PNG/Scaled_Final/178.284_+046.046.png,./MiraBest_data/100_178.284+046.046_0.3627_0055.96.png,train,FRI,100,True,FR-II,0.6154,False,False
./CombinedCat/PNG/Scaled_Final/152.017_+050.445.png,./MiraBest_data/100_152.017+050.445_0.1342_0038.41.png,train,FRI,100,True,FR-I,0.9819,True,True
./CombinedCat/PNG/Scaled_Final/227.787_+018.031.png,./MiraBest_data/100_227.787+018.031_0.1158_0077.81.png,train,FRI,100,True,FR-I,0.9972,True,True
./CombinedCat/PNG/Scaled_Final/230.642_+031.153.png,./MiraBest_data/100_230.642+031.153_0.2379_0025.94.png,train,FRI,100,True,FR-I,0.79,True,True
./CombinedCat/PNG/Scaled_Final/118.448_+023.032.png,./MiraBest_data/100_118.448+023.032_0.5016_0035.76.png,train,FRI,100,True,FR-I,0.9268,True,True
./CombinedCat/PNG/Scaled_Final/147.077_+056.316.png,./MiraBest_data/100_147.077+056.316_0.1389_0042.26.png,train,FRI,100,True,FR-I,0.7231,True,True
./CombinedCat/PNG/Scaled_Final/122.919_+040.249.png,./MiraBest_data/100_122.919+040.249_0.1218_0031.63.png,train,FRI,100,True,FR-I,0.8844,True,True
./CombinedCat/PNG/Scaled_Final/124.516_+054.619.png,./MiraBest_data/100_124.516+054.619_0.1174_0128.06.png,train,FRI,100,True,FR-I,0.999,True,True
./CombinedCat/PNG/Scaled_Final/160.851_+008.551.png,./MiraBest_data/100_160.851+008.551_0.2849_0122.48.png,train,FRI,100,True,FR-I,0.9991,True,True
./CombinedCat/PNG/Scaled_Final/213.797_+027.107.png,./MiraBest_data/100_213.797+027.107_0.1635_0083.65.png,train,FRI,100,True,FR-I,0.8959,True,True
./CombinedCat/PNG/Scaled_Final/216.671_+024.146.png,./MiraBest_data/100_216.671+024.146_0.1445_0035.58.png,train,FRI,100,True,FR-I,0.9149,True,True
./CombinedCat/PNG/Scaled_Final/182.550_+011.351.png,./MiraBest_data/100_182.550+011.351_0.1963_0038.31.png,train,FRI,100,True,FR-I,0.9999,True,True
./CombinedCat/PNG/Scaled_Final/231.731_+007.486.png,./MiraBest_data/100_231.731+007.486_0.1897_0038.11.png,train,FRI,100,True,FR-I,0.7731,True,True
./CombinedCat/PNG/Scaled_Final/224.603_+048.710.png,./MiraBest_data/100_224.603+048.710_0.2044_0029.16.png,train,FRII,100,False,FR-I,0.9443,False,True
./CombinedCat/PNG/Scaled_Final/209.231_+030.942.png,./MiraBest_data/100_209.231+030.942_0.2306_0050.94.png,train,FRI,100,True,FR-I,0.9506,True,True
./CombinedCat/PNG/Scaled_Final/122.923_+010.487.png,./MiraBest_data/100_122.923+010.487_0.2770_0064.25.png,train,FRI,100,True,FR-I,0.9884,True,True
./CombinedCat/PNG/Scaled_Final/163.454_+040.396.png,./MiraBest_data/100_163.454+040.396_0.1282_0209.65.png,train,FRI,100,True,FR-I,0.9544,True,True
./CombinedCat/PNG/Scaled_Final/173.289_+033.720.png,./MiraBest_data/200_173.289+033.720_0.2225_0015.62.png,train,FRII,200,True,FR-II,0.9696,True,True
./CombinedCat/PNG/Scaled_Final/155.520_+044.862.png,./MiraBest_data/200_155.520+044.862_0.0830_0031.03.png,train,FRII,200,True,FR-II,0.9978,True,True
./CombinedCat/PNG/Scaled_Final/126.488_+052.505.png,./MiraBest_data/200_126.488+052.505_0.4667_0050.25.png,train,FRII,200,True,FR-II,0.6239,True,True
./CombinedCat/PNG/Scaled_Final/231.577_+016.999.png,./MiraBest_data/200_231.577+016.999_0.1857_0046.54.png,train,FRII,200,True,FR-II,0.7067,True,True
./CombinedCat/PNG/Scaled_Final/164.175_+024.713.png,./MiraBest_data/200_164.175+024.713_0.2552_0008.39.png,train,FRII,200,True,FR-II,0.895,True,True
./CombinedCat/PNG/Scaled_Final/224.917_+041.300.png,./MiraBest_data/200_224.917+041.300_0.1768_0018.15.png,train,FRII,200,True,FR-II,0.9992,True,True
./CombinedCat/PNG/Scaled_Final/135.347_+019.238.png,./MiraBest_data/200_135.347+019.238_0.2765_0153.44.png,train,FRII,200,True,FR-II,0.9986,True,True
./CombinedCat/PNG/Scaled_Final/204.378_+046.355.png,./MiraBest_data/200_204.378+046.355_0.3155_0019.93.png,train,FRII,200,True,FR-II,0.9941,True,True
./CombinedCat/PNG/Scaled_Final/181.838_+051.021.png,./MiraBest_data/200_181.838+051.021_0.1848_0010.82.png,train,FRII,200,True,FR-II,0.5233,True,True
./CombinedCat/PNG/Scaled_Final/203.894_+048.128.png,./MiraBest_data/200_203.894+048.128_0.3022_0026.94.png,train,FRII,200,True,FR-I,0.6915,False,False
./CombinedCat/PNG/Scaled_Final/204.099_+034.372.png,./MiraBest_data/200_204.099+034.372_0.2815_0031.47.png,train,FRII,200,True,FR-I,0.6356,False,False
./CombinedCat/PNG/Scaled_Final/129.713_+025.454.png,./MiraBest_data/200_129.713+025.454_0.4298_0014.44.png,train,FRII,200,True,FR-II,0.923,True,True
./CombinedCat/PNG/Scaled_Final/155.486_+014.725.png,./MiraBest_data/200_155.486+014.725_0.1111_0115.64.png,train,FRII,200,True,FR-II,0.9793,True,True
./CombinedCat/PNG/Scaled_Final/121.113_+016.558.png,./MiraBest_data/200_121.113+016.558_0.1820_0106.75.png,train,FRII,200,True,FR-I,0.6797,False,False
./CombinedCat/PNG/Scaled_Final/175.915_+046.356.png,./MiraBest_data/200_175.915+046.356_0.1160_0007.93.png,train,FRII,200,True,FR-II,0.9576,True,True
./CombinedCat/PNG/Scaled_Final/213.728_+022.633.png,./MiraBest_data/200_213.728+022.633_0.1546_0061.35.png,train,FRII,200,True,FR-II,0.913,True,True
./CombinedCat/PNG/Scaled_Final/195.281_-003.448.png,./MiraBest_data/200_195.281-003.448_0.0834_0010.12.png,train,FRII,200,True,FR-II,0.7035,True,True
./CombinedCat/PNG/Scaled_Final/161.261_+047.300.png,./MiraBest_data/200_161.261+047.300_0.1449_0021.69.png,train,FRII,200,True,FR-II,0.7958,True,True
./CombinedCat/PNG/Scaled_Final/005.282_-000.925.png,./MiraBest_data/200_005.282-000.925_0.1082_0041.40.png,train,FRII,200,True,FR-I,0.6281,False,False
./CombinedCat/PNG/Scaled_Final/201.099_+030.175.png,./MiraBest_data/200_201.099+030.175_0.3201_0035.30.png,train,FRII,200,True,FR-II,0.9861,True,True
./CombinedCat/PNG/Scaled_Final/190.092_+046.943.png,./MiraBest_data/200_190.092+046.943_0.1415_0043.04.png,train,FRII,200,True,FR-II,0.9935,True,True
./CombinedCat/PNG/Scaled_Final/211.050_+032.103.png,./MiraBest_data/200_211.050+032.103_0.2638_0024.49.png,train,FRII,200,True,FR-II,0.9836,True,True
./CombinedCat/PNG/Scaled_Final/219.978_+021.849.png,./MiraBest_data/200_219.978+021.849_0.2120_0010.05.png,train,FRII,200,True,FR-II,0.9765,True,True
./CombinedCat/PNG/Scaled_Final/182.278_-002.963.png,./MiraBest_data/200_182.278-002.963_0.4808_0035.25.png,train,FRII,200,True,FR-II,0.9797,True,True
./CombinedCat/PNG/Scaled_Final/196.964_+060.509.png,./MiraBest_data/200_196.964+060.509_0.3802_0019.42.png,train,FRII,200,True,FR-I,0.628,False,False
./CombinedCat/PNG/Scaled_Final/228.197_-001.740.png,./MiraBest_data/200_228.197-001.740_0.1461_0107.13.png,train,FRI,200,False,FR-II,0.9543,False,True
./CombinedCat/PNG/Scaled_Final/142.173_+028.005.png,./MiraBest_data/200_142.173+028.005_0.4978_0011.74.png,train,FRII,200,True,FR-II,0.8686,True,True
./CombinedCat/PNG/Scaled_Final/157.931_+052.426.png,./MiraBest_data/200_157.931+052.426_0.1665_0042.96.png,train,FRII,200,True,FR-II,0.9022,True,True
./CombinedCat/PNG/Scaled_Final/202.155_+063.488.png,./MiraBest_data/200_202.155+063.488_0.2190_0105.95.png,train,FRII,200,True,FR-II,0.78,True,True
./CombinedCat/PNG/Scaled_Final/121.396_+024.164.png,./MiraBest_data/200_121.396+024.164_0.0597_0188.84.png,train,FRII,200,True,FR-II,0.9752,True,True
./CombinedCat/PNG/Scaled_Final/120.280_+017.980.png,./MiraBest_data/200_120.280+017.980_0.1400_0049.21.png,train,FRII,200,True,FR-II,0.997,True,True
./CombinedCat/PNG/Scaled_Final/195.935_+020.359.png,./MiraBest_data/200_195.935+020.359_0.2250_0090.67.png,train,FRII,200,True,FR-II,0.9992,True,True
./CombinedCat/PNG/Scaled_Final/222.580_-001.113.png,./MiraBest_data/200_222.580-001.113_0.1195_0008.77.png,train,FRI,200,False,FR-II,0.8926,False,True
./CombinedCat/PNG/Scaled_Final/188.601_+057.891.png,./MiraBest_data/100_188.601+057.891_0.1529_0059.30.png,train,FRI,100,True,FR-I,0.9603,True,True
./CombinedCat/PNG/Scaled_Final/164.103_+016.741.png,./MiraBest_data/100_164.103+016.741_0.0946_0100.12.png,train,FRI,100,True,FR-I,0.9709,True,True
./CombinedCat/PNG/Scaled_Final/169.766_+060.478.png,./MiraBest_data/100_169.766+060.478_0.1321_0036.27.png,train,FRI,100,True,FR-I,0.9884,True,True
./CombinedCat/PNG/Scaled_Final/181.229_+048.549.png,./MiraBest_data/100_181.229+048.549_0.0656_0057.47.png,train,FRI,100,True,FR-I,0.9964,True,True
./CombinedCat/PNG/Scaled_Final/175.358_+008.038.png,./MiraBest_data/100_175.358+008.038_0.2282_0084.83.png,train,FRI,100,True,FR-I,0.9995,True,True
./CombinedCat/PNG/Scaled_Final/218.032_+026.010.png,./MiraBest_data/100_218.032+026.010_0.0949_0091.62.png,train,FRI,100,True,FR-II,0.5117,False,False
./CombinedCat/PNG/Scaled_Final/209.087_+031.441.png,./MiraBest_data/100_209.087+031.441_0.1505_0081.07.png,train,FRI,100,True,FR-I,0.9955,True,True
./CombinedCat/PNG/Scaled_Final/016.236_+000.073.png,./MiraBest_data/100_016.236+000.073_0.2797_0058.67.png,train,FRI,100,True,FR-I,0.9976,True,True
./CombinedCat/PNG/Scaled_Final/229.437_+031.004.png,./MiraBest_data/100_229.437+031.004_0.1359_0048.58.png,train,FRII,100,False,FR-I,0.9619,False,True
./CombinedCat/PNG/Scaled_Final/131.189_+021.492.png,./MiraBest_data/100_131.189+021.492_0.2720_0042.73.png,train,FRI,100,True,FR-I,0.9276,True,True
./CombinedCat/PNG/Scaled_Final/195.205_+022.263.png,./MiraBest_data/100_195.205+022.263_0.2229_0042.66.png,train,FRI,100,True,FR-I,0.9784,True,True
./CombinedCat/PNG/Scaled_Final/215.326_+043.186.png,./MiraBest_data/100_215.326+043.186_0.1791_0054.44.png,train,FRI,100,True,FR-I,0.9921,True,True
./CombinedCat/PNG/Scaled_Final/208.708_+033.410.png,./MiraBest_data/100_208.708+033.410_0.1703_0074.40.png,train,FRI,100,True,FR-II,0.7501,False,False
./CombinedCat/PNG/Scaled_Final/234.088_+008.687.png,./MiraBest_data/100_234.088+008.687_0.1263_0092.82.png,train,FRI,100,True,FR-I,0.9935,True,True
./CombinedCat/PNG/Scaled_Final/016.732_+000.523.png,./MiraBest_data/100_016.732+000.523_0.1538_0026.95.png,train,FRI,100,True,FR-I,0.92,True,True
./CombinedCat/PNG/Scaled_Final/202.774_+016.511.png,./MiraBest_data/100_202.774+016.511_0.3914_0038.15.png,train,FRI,100,True,FR-I,0.7454,True,True
./CombinedCat/PNG/Scaled_Final/217.601_+014.591.png,./MiraBest_data/100_217.601+014.591_0.3891_0042.00.png,train,FRI,100,True,FR-I,0.5591,True,True
./CombinedCat/PNG/Scaled_Final/141.648_+029.573.png,./MiraBest_data/100_141.648+029.573_0.2890_0113.31.png,train,FRI,100,True,FR-I,0.6863,True,True
./CombinedCat/PNG/Scaled_Final/153.651_+049.759.png,./MiraBest_data/100_153.651+049.759_0.2091_0119.41.png,train,FRI,100,True,FR-I,0.9994,True,True
./CombinedCat/PNG/Scaled_Final/182.930_+008.019.png,./MiraBest_data/100_182.930+008.019_0.2481_0033.63.png,train,FRI,100,True,FR-I,0.7859,True,True
./CombinedCat/PNG/Scaled_Final/175.143_+044.097.png,./MiraBest_data/100_175.143+044.097_0.3837_0074.49.png,train,FRI,100,True,FR-I,0.9896,True,True
./CombinedCat/PNG/Scaled_Final/208.973_+026.372.png,./MiraBest_data/100_208.973+026.372_0.1407_0047.35.png,train,FRI,100,True,FR-I,0.9522,True,True
./CombinedCat/PNG/Scaled_Final/208.314_+055.113.png,./MiraBest_data/100_208.314+055.113_0.1434_0029.55.png,train,FRI,100,True,FR-I,0.97,True,True
./CombinedCat/PNG/Scaled_Final/123.264_+013.435.png,./MiraBest_data/100_123.264+013.435_0.1880_0045.47.png,train,FRI,100,True,FR-I,0.8897,True,True
./CombinedCat/PNG/Scaled_Final/228.065_+015.248.png,./MiraBest_data/100_228.065+015.248_0.1865_0026.03.png,train,FRII,100,False,FR-I,0.8283,False,True
./CombinedCat/PNG/Scaled_Final/225.986_+008.327.png,./MiraBest_data/100_225.986+008.327_0.0918_0059.64.png,train,FRII,100,False,FR-I,0.9804,False,True
./CombinedCat/PNG/Scaled_Final/177.789_+043.989.png,./MiraBest_data/100_177.789+043.989_0.0707_0032.98.png,train,FRI,100,True,FR-I,0.9615,True,True
./CombinedCat/PNG/Scaled_Final/217.948_+060.853.png,./MiraBest_data/100_217.948+060.853_0.1130_0063.04.png,train,FRI,100,True,FR-I,0.9997,True,True
./CombinedCat/PNG/Scaled_Final/228.597_+001.192.png,./MiraBest_data/100_228.597+001.192_0.1253_0038.20.png,train,FRI,100,True,FR-I,0.8113,True,True
./CombinedCat/PNG/Scaled_Final/195.663_+062.494.png,./MiraBest_data/100_195.663+062.494_0.0757_0064.07.png,train,FRI,100,True,FR-II,0.8304,False,False
./CombinedCat/PNG/Scaled_Final/213.241_+014.734.png,./MiraBest_data/100_213.241+014.734_0.1414_0032.12.png,train,FRI,100,True,FR-I,0.9391,True,True
./CombinedCat/PNG/Scaled_Final/198.748_+006.272.png,./MiraBest_data/200_198.748+006.272_0.2621_0031.29.png,train,FRII,200,True,FR-I,0.7714,False,False
./CombinedCat/PNG/Scaled_Final/178.613_+052.789.png,./MiraBest_data/200_178.613+052.789_0.3803_0012.68.png,train,FRII,200,True,FR-I,0.8999,False,False
./CombinedCat/PNG/Scaled_Final/137.441_+041.956.png,./MiraBest_data/200_137.441+041.956_0.1400_0011.19.png,train,FRII,200,True,FR-II,0.9243,True,True
./CombinedCat/PNG/Scaled_Final/189.698_+052.051.png,./MiraBest_data/200_189.698+052.051_0.2208_0022.52.png,train,FRII,200,True,FR-I,0.6768,False,False
./CombinedCat/PNG/Scaled_Final/225.510_+022.894.png,./MiraBest_data/200_225.510+022.894_0.0809_0104.12.png,train,FRI,200,False,FR-I,0.6643,True,False
./CombinedCat/PNG/Scaled_Final/131.629_+002.784.png,./MiraBest_data/200_131.629+002.784_0.2061_0052.16.png,train,FRII,200,True,FR-II,0.9072,True,True
./CombinedCat/PNG/Scaled_Final/171.363_+027.248.png,./MiraBest_data/200_171.363+027.248_0.1702_0042.95.png,train,FRII,200,True,FR-II,0.9944,True,True
./CombinedCat/PNG/Scaled_Final/159.735_+057.880.png,./MiraBest_data/200_159.735+057.880_0.1008_0091.16.png,train,FRII,200,True,FR-II,0.9697,True,True
./CombinedCat/PNG/Scaled_Final/125.698_+004.297.png,./MiraBest_data/200_125.698+004.297_0.0954_0080.10.png,train,FRII,200,True,FR-II,0.9833,True,True
./CombinedCat/PNG/Scaled_Final/192.448_+001.725.png,./MiraBest_data/200_192.448+001.725_0.1583_0094.31.png,train,FRII,200,True,FR-II,0.8949,True,True
./CombinedCat/PNG/Scaled_Final/141.939_+004.937.png,./MiraBest_data/200_141.939+004.937_0.3410_0013.94.png,train,FRII,200,True,FR-II,0.5448,True,True
./CombinedCat/PNG/Scaled_Final/216.724_+024.454.png,./MiraBest_data/200_216.724+024.454_0.4565_0009.60.png,train,FRII,200,True,FR-I,0.6409,False,False
./CombinedCat/PNG/Scaled_Final/175.511_+021.753.png,./MiraBest_data/200_175.511+021.753_0.1299_0016.00.png,train,FRII,200,True,FR-I,0.6767,False,False
./CombinedCat/PNG/Scaled_Final/172.397_+002.292.png,./MiraBest_data/200_172.397+002.292_0.1264_0019.10.png,train,FRII,200,True,FR-I,0.6013,False,False
./CombinedCat/PNG/Scaled_Final/139.926_+026.157.png,./MiraBest_data/200_139.926+026.157_0.2150_0212.48.png,train,FRII,200,True,FR-II,0.9785,True,True
./CombinedCat/PNG/Scaled_Final/157.012_+006.609.png,./MiraBest_data/200_157.012+006.609_0.3303_0016.55.png,train,FRII,200,True,FR-II,0.7401,True,True
./CombinedCat/PNG/Scaled_Final/149.215_+028.528.png,./MiraBest_data/200_149.215+028.528_0.5307_0010.38.png,train,FRII,200,True,FR-II,0.9871,True,True
./CombinedCat/PNG/Scaled_Final/184.856_+000.681.png,./MiraBest_data/200_184.856+000.681_0.4062_0015.78.png,train,FRII,200,True,FR-II,0.6495,True,True
./CombinedCat/PNG/Scaled_Final/194.539_+042.186.png,./MiraBest_data/200_194.539+042.186_0.2486_0172.07.png,train,FRII,200,True,FR-II,0.8798,True,True
./CombinedCat/PNG/Scaled_Final/174.054_+040.043.png,./MiraBest_data/200_174.054+040.043_0.2904_0010.00.png,train,FRII,200,True,FR-II,0.9418,True,True
./CombinedCat/PNG/Scaled_Final/227.111_+001.779.png,./MiraBest_data/200_227.111+001.779_0.5066_0015.35.png,train,FRII,200,True,FR-II,0.7951,True,True
./CombinedCat/PNG/Scaled_Final/225.095_+022.008.png,./MiraBest_data/200_225.095+022.008_0.2141_0012.15.png,train,FRI,200,False,FR-II,0.6669,False,True
./CombinedCat/PNG/Scaled_Final/178.586_+045.392.png,./MiraBest_data/200_178.586+045.392_0.1915_0064.00.png,train,FRII,200,True,FR-II,0.9951,True,True
./CombinedCat/PNG/Scaled_Final/169.030_+024.939.png,./MiraBest_data/200_169.030+024.939_0.2529_0030.09.png,train,FRII,200,True,FR-II,0.9988,True,True
./CombinedCat/PNG/Scaled_Final/160.725_+028.433.png,./MiraBest_data/200_160.725+028.433_0.0550_0022.14.png,train,FRII,200,True,FR-I,0.5216,False,False
./CombinedCat/PNG/Scaled_Final/234.198_+013.574.png,./MiraBest_data/200_234.198+013.574_0.4812_0014.58.png,train,FRI,200,False,FR-I,0.8008,True,False
./CombinedCat/PNG/Scaled_Final/142.972_+012.861.png,./MiraBest_data/200_142.972+012.861_0.2725_0061.83.png,train,FRII,200,True,FR-II,0.876,True,True
./CombinedCat/PNG/Scaled_Final/207.795_+007.479.png,./MiraBest_data/200_207.795+007.479_0.1501_0075.75.png,train,FRII,200,True,FR-II,0.5359,True,True
./CombinedCat/PNG/Scaled_Final/138.135_+009.613.png,./MiraBest_data/200_138.135+009.613_0.2353_0010.16.png,train,FRII,200,True,FR-II,0.6584,True,True
./CombinedCat/PNG/Scaled_Final/168.698_+001.854.png,./MiraBest_data/200_168.698+001.854_0.3591_0019.19.png,train,FRII,200,True,FR-II,0.9854,True,True
./CombinedCat/PNG/Scaled_Final/206.098_-002.378.png,./MiraBest_data/200_206.098-002.378_0.2422_0057.76.png,train,FRII,200,True,FR-II,0.9769,True,True
./CombinedCat/PNG/Scaled_Final/131.635_+029.599.png,./MiraBest_data/200_131.635+029.599_0.0701_0031.29.png,train,FRII,200,True,FR-II,0.9905,True,True
./CombinedCat/PNG/Scaled_Final/137.463_+058.784.png,./MiraBest_data/200_137.463+058.784_0.2697_0006.27.png,train,FRII,200,True,FR-II,0.9546,True,True
./CombinedCat/PNG/Scaled_Final/195.627_+005.661.png,./MiraBest_data/200_195.627+005.661_0.1311_0019.31.png,train,FRII,200,True,FR-I,0.6353,False,False
./CombinedCat/PNG/Scaled_Final/153.066_+029.817.png,./MiraBest_data/200_153.066+029.817_0.4205_0009.33.png,train,FRII,200,True,FR-II,0.8121,True,True
./CombinedCat/PNG/Scaled_Final/168.223_+053.830.png,./MiraBest_data/200_168.223+053.830_0.2156_0012.02.png,train,FRII,200,True,FR-II,0.9592,True,True
./CombinedCat/PNG/Scaled_Final/213.300_+022.470.png,./MiraBest_data/100_213.300+022.470_0.1561_0223.88.png,train,FRI,100,True,FR-II,0.5811,False,False
./CombinedCat/PNG/Scaled_Final/156.257_+004.034.png,./MiraBest_data/100_156.257+004.034_0.2112_0027.64.png,train,FRI,100,True,FR-I,0.868,True,True
./CombinedCat/PNG/Scaled_Final/149.408_+026.174.png,./MiraBest_data/100_149.408+026.174_0.1972_0040.33.png,train,FRI,100,True,FR-I,0.9494,True,True
./CombinedCat/PNG/Scaled_Final/132.723_+047.898.png,./MiraBest_data/100_132.723+047.898_0.1845_0032.05.png,train,FRI,100,True,FR-I,0.7918,True,True
./CombinedCat/PNG/Scaled_Final/126.397_+048.295.png,./MiraBest_data/100_126.397+048.295_0.1830_0040.19.png,train,FRI,100,True,FR-I,0.9653,True,True
./CombinedCat/PNG/Scaled_Final/211.791_+026.313.png,./MiraBest_data/100_211.791+026.313_0.0749_0128.68.png,train,FRI,100,True,FR-I,0.9925,True,True
./CombinedCat/PNG/Scaled_Final/222.392_+011.298.png,./MiraBest_data/100_222.392+011.298_0.1949_0071.59.png,train,FRII,100,False,FR-I,0.9659,False,True
./CombinedCat/PNG/Scaled_Final/223.647_+005.613.png,./MiraBest_data/100_223.647+005.613_0.0814_0051.38.png,train,FRII,100,False,FR-I,0.9296,False,True
./CombinedCat/PNG/Scaled_Final/186.158_+056.394.png,./MiraBest_data/100_186.158+056.394_0.2047_0052.27.png,train,FRI,100,True,FR-I,0.9822,True,True
./CombinedCat/PNG/Scaled_Final/200.576_+060.739.png,./MiraBest_data/100_200.576+060.739_0.1358_0071.85.png,train,FRI,100,True,FR-I,0.9798,True,True
./CombinedCat/PNG/Scaled_Final/132.772_+008.852.png,./MiraBest_data/100_132.772+008.852_0.1271_0086.31.png,train,FRI,100,True,FR-I,0.9993,True,True
./CombinedCat/PNG/Scaled_Final/209.593_+018.300.png,./MiraBest_data/100_209.593+018.300_0.1616_0048.72.png,train,FRI,100,True,FR-I,0.7587,True,True
./CombinedCat/PNG/Scaled_Final/191.425_+033.408.png,./MiraBest_data/100_191.425+033.408_0.1323_0064.80.png,train,FRI,100,True,FR-I,0.7556,True,True
./CombinedCat/PNG/Scaled_Final/155.318_+049.845.png,./MiraBest_data/100_155.318+049.845_0.4334_0027.93.png,train,FRI,100,True,FR-I,0.9825,True,True
./CombinedCat/PNG/Scaled_Final/141.413_+036.452.png,./MiraBest_data/100_141.413+036.452_0.1121_0168.26.png,train,FRI,100,True,FR-I,0.9963,True,True
./CombinedCat/PNG/Scaled_Final/227.459_+052.294.png,./MiraBest_data/100_227.459+052.294_0.2661_0057.40.png,train,FRI,100,True,FR-I,0.9892,True,True
./CombinedCat/PNG/Scaled_Final/172.301_+027.554.png,./MiraBest_data/100_172.301+027.554_0.0732_0129.77.png,train,FRI,100,True,FR-I,0.9984,True,True
./CombinedCat/PNG/Scaled_Final/230.370_+015.197.png,./MiraBest_data/100_230.370+015.197_0.3592_0055.30.png,train,FRII,100,False,FR-I,0.9835,False,True
./CombinedCat/PNG/Scaled_Final/134.962_+032.130.png,./MiraBest_data/100_134.962+032.130_0.2690_0053.46.png,train,FRI,100,True,FR-I,0.9979,True,True
./CombinedCat/PNG/Scaled_Final/218.859_+027.893.png,./MiraBest_data/100_218.859+027.893_0.1760_0089.32.png,train,FRI,100,True,FR-I,0.9977,True,True
./CombinedCat/PNG/Scaled_Final/127.147_+032.474.png,./MiraBest_data/100_127.147+032.474_0.2797_0052.19.png,train,FRI,100,True,FR-I,0.982,True,True
./CombinedCat/PNG/Scaled_Final/153.570_+034.440.png,./MiraBest_data/100_153.570+034.440_0.1570_0073.76.png,train,FRI,100,True,FR-I,0.9712,True,True
./CombinedCat/PNG/Scaled_Final/169.796_+008.261.png,./MiraBest_data/100_169.796+008.261_0.0756_0057.94.png,train,FRI,100,True,FR-I,0.8781,True,True
./CombinedCat/PNG/Scaled_Final/219.313_+024.759.png,./MiraBest_data/100_219.313+024.759_0.0862_0151.30.png,train,FRI,100,True,FR-I,0.9943,True,True
./CombinedCat/PNG/Scaled_Final/120.256_+013.831.png,./MiraBest_data/100_120.256+013.831_0.1087_0103.53.png,train,FRI,100,True,FR-II,0.6165,False,False
./CombinedCat/PNG/Scaled_Final/159.024_+000.102.png,./MiraBest_data/100_159.024+000.102_0.0968_0145.39.png,train,FRI,100,True,FR-I,0.9996,True,True
./CombinedCat/PNG/Scaled_Final/204.466_+018.641.png,./MiraBest_data/100_204.466+018.641_0.1099_0077.60.png,train,FRI,100,True,FR-I,0.8755,True,True
./CombinedCat/PNG/Scaled_Final/148.946_+014.930.png,./MiraBest_data/100_148.946+014.930_0.3406_0110.07.png,train,FRI,100,True,FR-I,0.9887,True,True
./CombinedCat/PNG/Scaled_Final/224.470_+011.303.png,./MiraBest_data/200_224.470+011.303_0.1225_0042.94.png,train,FRII,200,True,FR-II,0.6684,True,True
./CombinedCat/PNG/Scaled_Final/129.470_+044.841.png,./MiraBest_data/200_129.470+044.841_0.2070_0124.72.png,train,FRII,200,True,FR-II,0.9995,True,True
./CombinedCat/PNG/Scaled_Final/145.354_+012.577.png,./MiraBest_data/200_145.354+012.577_0.1756_0082.63.png,train,FRII,200,True,FR-I,0.5345,False,False
./CombinedCat/PNG/Scaled_Final/145.139_+022.001.png,./MiraBest_data/200_145.139+022.001_0.3851_0017.09.png,train,FRII,200,True,FR-II,0.9798,True,True
./CombinedCat/PNG/Scaled_Final/232.002_+002.846.png,./MiraBest_data/200_232.002+002.846_0.3396_0017.40.png,train,FRII,200,True,FR-II,0.7925,True,True
./CombinedCat/PNG/Scaled_Final/180.455_-000.509.png,./MiraBest_data/200_180.455-000.509_0.3282_0014.41.png,train,FRII,200,True,FR-II,0.8161,True,True
./CombinedCat/PNG/Scaled_Final/209.191_-001.196.png,./MiraBest_data/200_209.191-001.196_0.3960_0023.09.png,train,FRII,200,True,FR-II,0.9808,True,True
./CombinedCat/PNG/Scaled_Final/174.917_+024.402.png,./MiraBest_data/200_174.917+024.402_0.1840_0148.74.png,train,FRII,200,True,FR-II,0.6929,True,True
./CombinedCat/PNG/Scaled_Final/154.217_+017.167.png,./MiraBest_data/200_154.217+017.167_0.3738_0037.25.png,train,FRII,200,True,FR-I,0.7803,False,False
./CombinedCat/PNG/Scaled_Final/176.965_+002.273.png,./MiraBest_data/200_176.965+002.273_0.2793_0013.23.png,train,FRII,200,True,FR-II,0.977,True,True
./CombinedCat/PNG/Scaled_Final/199.939_+060.512.png,./MiraBest_data/200_199.939+060.512_0.0702_0017.97.png,train,FRII,200,True,FR-II,0.9779,True,True
./CombinedCat/PNG/Scaled_Final/143.160_+016.199.png,./MiraBest_data/200_143.160+016.199_0.1910_0242.71.png,train,FRII,200,True,FR-II,0.8146,True,True
./CombinedCat/PNG/Scaled_Final/183.643_+000.791.png,./MiraBest_data/200_183.643+000.791_0.2510_0109.39.png,train,FRII,200,True,FR-II,0.7999,True,True
./CombinedCat/PNG/Scaled_Final/134.762_+034.466.png,./MiraBest_data/200_134.762+034.466_0.2437_0014.03.png,train,FRII,200,True,FR-II,0.9701,True,True
./CombinedCat/PNG/Scaled_Final/178.467_+008.136.png,./MiraBest_data/200_178.467+008.136_0.2906_0073.58.png,train,FRII,200,True,FR-II,0.9155,True,True
./CombinedCat/PNG/Scaled_Final/202.664_+062.919.png,./MiraBest_data/200_202.664+062.919_0.2211_0039.43.png,train,FRII,200,True,FR-II,0.6381,True,True
./CombinedCat/PNG/Scaled_Final/224.024_+016.449.png,./MiraBest_data/200_224.024+016.449_0.2871_0109.25.png,train,FRII,200,True,FR-II,0.6333,True,True
./CombinedCat/PNG/Scaled_Final/030.717_-000.815.png,./MiraBest_data/200_030.717-000.815_0.2540_0010.98.png,train,FRII,200,True,FR-II,0.6688,True,True
./CombinedCat/PNG/Scaled_Final/163.665_+006.109.png,./MiraBest_data/200_163.665+006.109_0.1355_0040.89.png,train,FRII,200,True,FR-II,0.5982,True,True
./CombinedCat/PNG/Scaled_Final/011.019_+001.031.png,./MiraBest_data/200_011.019+001.031_0.1117_0180.11.png,train,FRII,200,True,FR-II,0.9855,True,True
./CombinedCat/PNG/Scaled_Final/224.474_+028.539.png,./MiraBest_data/200_224.474+028.539_0.1440_0205.89.png,train,FRII,200,True,FR-II,0.999,True,True
./CombinedCat/PNG/Scaled_Final/196.919_+006.212.png,./MiraBest_data/200_196.919+006.212_0.1391_0020.46.png,train,FRII,200,True,FR-II,0.7442,True,True
./CombinedCat/PNG/Scaled_Final/124.394_+044.981.png,./MiraBest_data/200_124.394+044.981_0.1421_0024.73.png,train,FRII,200,True,FR-II,0.9859,True,True
./CombinedCat/PNG/Scaled_Final/132.014_+058.163.png,./MiraBest_data/200_132.014+058.163_0.2216_0019.87.png,train,FRII,200,True,FR-II,0.9785,True,True
./CombinedCat/PNG/Scaled_Final/211.012_+015.725.png,./MiraBest_data/200_211.012+015.725_0.1809_0019.07.png,train,FRII,200,True,FR-II,0.8414,True,True
./CombinedCat/PNG/Scaled_Final/182.764_-000.335.png,./MiraBest_data/200_182.764-000.335_0.3192_0012.41.png,train,FRII,200,True,FR-I,0.7374,False,False
./CombinedCat/PNG/Scaled_Final/177.547_+053.722.png,./MiraBest_data/200_177.547+053.722_0.0603_0031.28.png,train,FRII,200,True,FR-II,0.9833,True,True
./CombinedCat/PNG/Scaled_Final/203.383_+030.129.png,./MiraBest_data/200_203.383+030.129_0.2843_0101.51.png,train,FRII,200,True,FR-II,0.9464,True,True
./CombinedCat/PNG/Scaled_Final/227.336_-001.910.png,./MiraBest_data/200_227.336-001.910_0.1121_0013.06.png,train,FRII,200,True,FR-II,0.6,True,True
./CombinedCat/PNG/Scaled_Final/174.181_+054.913.png,./MiraBest_data/200_174.181+054.913_0.0554_0009.89.png,train,FRII,200,True,FR-I,0.7579,False,False
./CombinedCat/PNG/Scaled_Final/193.542_+018.095.png,./MiraBest_data/200_193.542+018.095_0.4196_0010.15.png,train,FRII,200,True,FR-II,0.7169,True,True
./CombinedCat/PNG/Scaled_Final/218.736_+041.154.png,./MiraBest_data/200_218.736+041.154_0.4475_0012.82.png,train,FRII,200,True,FR-II,0.6002,True,True
./CombinedCat/PNG/Scaled_Final/135.835_+052.560.png,./MiraBest_data/200_135.835+052.560_0.3149_0023.26.png,train,FRII,200,True,FR-II,0.9877,True,True
./CombinedCat/PNG/Scaled_Final/213.986_+023.125.png,./MiraBest_data/200_213.986+023.125_0.4665_0034.00.png,train,FRII,200,True,FR-II,0.9972,True,True
./CombinedCat/PNG/Scaled_Final/214.950_+008.240.png,./MiraBest_data/200_214.950+008.240_0.3218_0127.93.png,train,FRII,200,True,FR-II,0.9973,True,True
./CombinedCat/PNG/Scaled_Final/019.628_-010.732.png,./MiraBest_data/200_019.628-010.732_0.1260_0039.27.png,train,FRII,200,True,FR-II,0.9913,True,True
./CombinedCat/PNG/Scaled_Final/165.957_+004.868.png,./MiraBest_data/200_165.957+004.868_0.1846_0009.70.png,train,FRII,200,True,FR-II,0.9668,True,True
./CombinedCat/PNG/Scaled_Final/208.375_+011.642.png,./MiraBest_data/100_208.375+011.642_0.3522_0147.66.png,train,FRI,100,True,FR-I,0.9401,True,True
./CombinedCat/PNG/Scaled_Final/134.450_+059.490.png,./MiraBest_data/100_134.450+059.490_0.2021_0039.22.png,train,FRI,100,True,FR-I,0.8868,True,True
./CombinedCat/PNG/Scaled_Final/197.092_+023.521.png,./MiraBest_data/100_197.092+023.521_0.1358_0042.90.png,train,FRI,100,True,FR-I,0.9356,True,True
./CombinedCat/PNG/Scaled_Final/159.151_+038.586.png,./MiraBest_data/100_159.151+038.586_0.1449_0171.17.png,train,FRI,100,True,FR-I,0.9956,True,True
./CombinedCat/PNG/Scaled_Final/219.320_+024.869.png,./MiraBest_data/100_219.320+024.869_0.0896_0086.79.png,train,FRI,100,True,FR-I,0.9986,True,True
./CombinedCat/PNG/Scaled_Final/200.001_+025.546.png,./MiraBest_data/100_200.001+025.546_0.1347_0050.44.png,train,FRI,100,True,FR-II,0.8526,False,False
./CombinedCat/PNG/Scaled_Final/173.175_+012.220.png,./MiraBest_data/100_173.175+012.220_0.1735_0033.04.png,train,FRI,100,True,FR-I,0.9815,True,True
./CombinedCat/PNG/Scaled_Final/159.613_+041.815.png,./MiraBest_data/100_159.613+041.815_0.1246_0054.53.png,train,FRI,100,True,FR-I,0.9389,True,True
./CombinedCat/PNG/Scaled_Final/219.532_+009.437.png,./MiraBest_data/100_219.532+009.437_0.3312_0029.49.png,train,FRI,100,True,FR-I,0.8557,True,True
./CombinedCat/PNG/Scaled_Final/177.879_+016.524.png,./MiraBest_data/100_177.879+016.524_0.1192_0072.15.png,train,FRI,100,True,FR-I,0.9923,True,True
./CombinedCat/PNG/Scaled_Final/215.170_+006.850.png,./MiraBest_data/100_215.170+006.850_0.2375_0101.42.png,train,FRI,100,True,FR-I,0.9997,True,True
./CombinedCat/PNG/Scaled_Final/166.081_+019.691.png,./MiraBest_data/100_166.081+019.691_0.1079_0075.44.png,train,FRI,100,True,FR-I,0.9158,True,True
./CombinedCat/PNG/Scaled_Final/229.165_+002.787.png,./MiraBest_data/100_229.165+002.787_0.1098_0147.48.png,train,FRII,100,False,FR-I,0.9717,False,True
./CombinedCat/PNG/Scaled_Final/139.283_+055.152.png,./MiraBest_data/100_139.283+055.152_0.1820_0092.37.png,train,FRI,100,True,FR-I,0.9885,True,True
./CombinedCat/PNG/Scaled_Final/225.626_+023.134.png,./MiraBest_data/100_225.626+023.134_0.1802_0042.40.png,train,FRII,100,False,FR-I,0.9313,False,True
./CombinedCat/PNG/Scaled_Final/030.033_+000.024.png,./MiraBest_data/100_030.033+000.024_0.3793_0027.96.png,train,FRI,100,True,FR-I,0.9861,True,True
./CombinedCat/PNG/Scaled_Final/123.590_+052.403.png,./MiraBest_data/100_123.590+052.403_0.2467_0096.29.png,train,FRI,100,True,FR-I,0.895,True,True
./CombinedCat/PNG/Scaled_Final/193.657_+053.090.png,./MiraBest_data/100_193.657+053.090_0.0538_0097.73.png,train,FRI,100,True,FR-II,0.5245,False,False
./CombinedCat/PNG/Scaled_Final/214.380_+008.208.png,./MiraBest_data/100_214.380+008.208_0.0568_0184.78.png,train,FRI,100,True,FR-I,0.9957,True,True
./CombinedCat/PNG/Scaled_Final/220.580_+050.733.png,./MiraBest_data/100_220.580+050.733_0.1736_0051.63.png,train,FRI,100,True,FR-I,0.9671,True,True
./CombinedCat/PNG/Scaled_Final/181.515_+016.443.png,./MiraBest_data/100_181.515+016.443_0.3036_0073.76.png,train,FRI,100,True,FR-I,0.9974,True,True
./CombinedCat/PNG/Scaled_Final/188.320_+019.481.png,./MiraBest_data/100_188.320+019.481_0.2282_0049.17.png,train,FRI,100,True,FR-I,0.9925,True,True
./CombinedCat/PNG/Scaled_Final/164.479_+008.634.png,./MiraBest_data/100_164.479+008.634_0.2196_0037.58.png,train,FRI,100,True,FR-I,0.9788,True,True
./CombinedCat/PNG/Scaled_Final/117.079_+045.746.png,./MiraBest_data/100_117.079+045.746_0.1850_0228.03.png,train,FRI,100,True,FR-II,0.6315,False,False
./CombinedCat/PNG/Scaled_Final/204.134_+021.332.png,./MiraBest_data/100_204.134+021.332_0.1889_0053.05.png,train,FRI,100,True,FR-I,0.9892,True,True
./CombinedCat/PNG/Scaled_Final/123.251_+043.797.png,./MiraBest_data/100_123.251+043.797_0.1281_0034.09.png,train,FRI,100,True,FR-II,0.8603,False,False
./CombinedCat/PNG/Scaled_Final/205.752_+046.456.png,./MiraBest_data/100_205.752+046.456_0.2248_0110.23.png,train,FRI,100,True,FR-I,0.999,True,True
./CombinedCat/PNG/Scaled_Final/187.438_+026.179.png,./MiraBest_data/100_187.438+026.179_0.3856_0060.84.png,train,FRI,100,True,FR-I,0.9851,True,True
./CombinedCat/PNG/Scaled_Final/159.454_+015.690.png,./MiraBest_data/200_159.454+015.690_0.1957_0055.79.png,train,FRII,200,True,FR-II,1.0,True,True
./CombinedCat/PNG/Scaled_Final/192.463_+033.389.png,./MiraBest_data/200_192.463+033.389_0.4627_0075.88.png,train,FRII,200,True,FR-II,0.9987,True,True
./CombinedCat/PNG/Scaled_Final/191.715_+023.062.png,./MiraBest_data/200_191.715+023.062_0.2427_0018.22.png,train,FRII,200,True,FR-II,0.9642,True,True
./CombinedCat/PNG/Scaled_Final/223.470_+050.068.png,./MiraBest_data/200_223.470+050.068_0.3883_0071.80.png,train,FRII,200,True,FR-I,0.7291,False,False
./CombinedCat/PNG/Scaled_Final/229.168_+000.251.png,./MiraBest_data/200_229.168+000.251_0.0526_0254.32.png,train,FRI,200,False,FR-II,0.5959,False,True
./CombinedCat/PNG/Scaled_Final/113.253_+039.418.png,./MiraBest_data/200_113.253+039.418_0.1681_0007.48.png,train,FRII,200,True,FR-II,0.7011,True,True
./CombinedCat/PNG/Scaled_Final/148.580_+027.267.png,./MiraBest_data/200_148.580+027.267_0.4712_0230.89.png,train,FRII,200,True,FR-I,0.6408,False,False
./CombinedCat/PNG/Scaled_Final/227.118_-002.240.png,./MiraBest_data/200_227.118-002.240_0.1178_0012.50.png,train,FRII,200,True,FR-II,0.9063,True,True
./CombinedCat/PNG/Scaled_Final/145.991_+006.012.png,./MiraBest_data/200_145.991+006.012_0.4093_0049.75.png,train,FRII,200,True,FR-II,0.9328,True,True
./CombinedCat/PNG/Scaled_Final/003.845_+000.156.png,./MiraBest_data/200_003.845+000.156_0.4401_0024.05.png,train,FRII,200,True,FR-II,0.5593,True,True
./CombinedCat/PNG/Scaled_Final/213.105_+041.872.png,./MiraBest_data/200_213.105+041.872_0.2512_0026.60.png,train,FRII,200,True,FR-II,0.9943,True,True
./CombinedCat/PNG/Scaled_Final/172.900_+007.882.png,./MiraBest_data/200_172.900+007.882_0.1806_0040.31.png,train,FRII,200,True,FR-II,0.814,True,True
./CombinedCat/PNG/Scaled_Final/158.680_+005.555.png,./MiraBest_data/200_158.680+005.555_0.1408_0026.54.png,train,FRII,200,True,FR-II,0.9982,True,True
./CombinedCat/PNG/Scaled_Final/138.690_+041.621.png,./MiraBest_data/200_138.690+041.621_0.1404_0073.24.png,train,FRII,200,True,FR-II,0.9999,True,True
./CombinedCat/PNG/Scaled_Final/222.172_+017.410.png,./MiraBest_data/200_222.172+017.410_0.2523_0031.68.png,train,FRII,200,True,FR-I,0.7239,False,False
./CombinedCat/PNG/Scaled_Final/037.204_-007.283.png,./MiraBest_data/200_037.204-007.283_0.3588_0026.02.png,train,FRII,200,True,FR-II,0.5648,True,True
./CombinedCat/PNG/Scaled_Final/224.020_+047.453.png,./MiraBest_data/200_224.020+047.453_0.0872_0013.16.png,train,FRII,200,True,FR-II,0.9699,True,True
./CombinedCat/PNG/Scaled_Final/213.501_+009.251.png,./MiraBest_data/200_213.501+009.251_0.1597_0032.80.png,train,FRII,200,True,FR-II,0.9996,True,True
./CombinedCat/PNG/Scaled_Final/023.358_-010.439.png,./MiraBest_data/200_023.358-010.439_0.1132_0019.54.png,train,FRII,200,True,FR-II,0.9997,True,True
./CombinedCat/PNG/Scaled_Final/172.982_+061.789.png,./MiraBest_data/200_172.982+061.789_0.2439_0006.91.png,train,FRII,200,True,FR-II,0.981,True,True
./CombinedCat/PNG/Scaled_Final/023.197_+001.263.png,./MiraBest_data/200_023.197+001.263_0.1256_0082.13.png,train,FRII,200,True,FR-II,0.9442,True,True
./CombinedCat/PNG/Scaled_Final/197.987_+000.231.png,./MiraBest_data/200_197.987+000.231_0.2121_0026.48.png,train,FRII,200,True,FR-II,0.9763,True,True
./CombinedCat/PNG/Scaled_Final/012.742_-009.490.png,./MiraBest_data/200_012.742-009.490_0.2000_0019.21.png,train,FRII,200,True,FR-II,0.7419,True,True
./CombinedCat/PNG/Scaled_Final/159.751_+059.097.png,./MiraBest_data/200_159.751+059.097_0.4708_0012.30.png,train,FRII,200,True,FR-II,0.9124,True,True
./CombinedCat/PNG/Scaled_Final/226.235_+014.580.png,./MiraBest_data/200_226.235+014.580_0.2818_0041.90.png,train,FRII,200,True,FR-II,0.9904,True,True
./CombinedCat/PNG/Scaled_Final/151.463_+024.320.png,./MiraBest_data/200_151.463+024.320_0.1843_0013.65.png,train,FRII,200,True,FR-II,0.9986,True,True
./CombinedCat/PNG/Scaled_Final/188.192_-000.924.png,./MiraBest_data/200_188.192-000.924_0.2050_0133.36.png,train,FRII,200,True,FR-II,0.5604,True,True
./CombinedCat/PNG/Scaled_Final/139.848_+040.651.png,./MiraBest_data/200_139.848+040.651_0.2787_0102.70.png,train,FRII,200,True,FR-II,0.5042,True,True
./CombinedCat/PNG/Scaled_Final/191.193_-001.019.png,./MiraBest_data/200_191.193-001.019_0.1468_0012.19.png,train,FRII,200,True,FR-II,0.8795,True,True
./CombinedCat/PNG/Scaled_Final/149.170_-000.023.png,./MiraBest_data/200_149.170-000.023_0.1392_0107.66.png,train,FRII,200,True,FR-II,0.9749,True,True
./CombinedCat/PNG/Scaled_Final/149.673_+060.228.png,./MiraBest_data/200_149.673+060.228_0.2162_0016.00.png,train,FRII,200,True,FR-I,0.6647,False,False
./CombinedCat/PNG/Scaled_Final/202.066_+048.302.png,./MiraBest_data/200_202.066+048.302_0.3276_0011.00.png,train,FRII,200,True,FR-II,0.9907,True,True
./CombinedCat/PNG/Scaled_Final/138.564_+021.278.png,./MiraBest_data/200_138.564+021.278_0.2737_0030.08.png,train,FRII,200,True,FR-II,0.9356,True,True
./CombinedCat/PNG/Scaled_Final/184.708_+050.438.png,./MiraBest_data/200_184.708+050.438_0.1992_0196.39.png,train,FRII,200,True,FR-II,0.9423,True,True
./CombinedCat/PNG/Scaled_Final/208.637_+028.243.png,./MiraBest_data/100_208.637+028.243_0.0645_0082.21.png,train,FRI,100,True,FR-I,0.9344,True,True
./CombinedCat/PNG/Scaled_Final/217.904_+052.457.png,./MiraBest_data/100_217.904+052.457_0.2920_0067.26.png,train,FRI,100,True,FR-I,0.9991,True,True
./CombinedCat/PNG/Scaled_Final/152.357_+028.300.png,./MiraBest_data/100_152.357+028.300_0.4593_0038.12.png,train,FRI,100,True,FR-I,0.9721,True,True
./CombinedCat/PNG/Scaled_Final/185.529_+020.993.png,./MiraBest_data/100_185.529+020.993_0.1085_0048.29.png,train,FRI,100,True,FR-I,0.9914,True,True
./CombinedCat/PNG/Scaled_Final/233.004_+040.895.png,./MiraBest_data/100_233.004+040.895_0.2721_0051.38.png,train,FRI,100,True,FR-I,0.9869,True,True
./CombinedCat/PNG/Scaled_Final/213.183_+049.868.png,./MiraBest_data/100_213.183+049.868_0.0774_0038.67.png,train,FRI,100,True,FR-I,0.9932,True,True
./CombinedCat/PNG/Scaled_Final/218.538_+001.617.png,./MiraBest_data/100_218.538+001.617_0.1379_0119.77.png,train,FRI,100,True,FR-I,0.9994,True,True
./CombinedCat/PNG/Scaled_Final/155.844_+008.867.png,./MiraBest_data/100_155.844+008.867_0.0626_0146.62.png,train,FRI,100,True,FR-I,0.9725,True,True
./CombinedCat/PNG/Scaled_Final/126.890_+016.015.png,./MiraBest_data/100_126.890+016.015_0.0910_0121.95.png,train,FRI,100,True,FR-I,0.9985,True,True
./CombinedCat/PNG/Scaled_Final/151.499_+035.735.png,./MiraBest_data/100_151.499+035.735_0.3971_0046.52.png,train,FRI,100,True,FR-I,0.9709,True,True
./CombinedCat/PNG/Scaled_Final/184.942_+022.920.png,./MiraBest_data/100_184.942+022.920_0.2570_0090.09.png,train,FRI,100,True,FR-I,0.9714,True,True
./CombinedCat/PNG/Scaled_Final/149.318_+019.114.png,./MiraBest_data/100_149.318+019.114_0.0904_0131.03.png,train,FRI,100,True,FR-I,0.9999,True,True
./CombinedCat/PNG/Scaled_Final/114.330_+029.492.png,./MiraBest_data/100_114.330+029.492_0.1105_0034.32.png,train,FRI,100,True,FR-I,0.5662,True,True
./CombinedCat/PNG/Scaled_Final/187.093_+026.729.png,./MiraBest_data/100_187.093+026.729_0.1957_0033.51.png,train,FRI,100,True,FR-I,0.9671,True,True
./CombinedCat/PNG/Scaled_Final/228.683_+022.624.png,./MiraBest_data/100_228.683+022.624_0.3843_0058.81.png,train,FRI,100,True,FR-I,0.9881,True,True
./CombinedCat/PNG/Scaled_Final/213.636_+001.732.png,./MiraBest_data/100_213.636+001.732_0.0531_0116.37.png,train,FRI,100,True,FR-I,0.9995,True,True
./CombinedCat/PNG/Scaled_Final/138.405_+003.289.png,./MiraBest_data/100_138.405+003.289_0.1416_0088.88.png,train,FRI,100,True,FR-I,0.5687,True,True
./CombinedCat/PNG/Scaled_Final/160.094_+050.940.png,./MiraBest_data/100_160.094+050.940_0.1539_0044.61.png,train,FRI,100,True,FR-II,0.9883,False,False
./CombinedCat/PNG/Scaled_Final/135.654_+052.064.png,./MiraBest_data/100_135.654+052.064_0.0992_0082.50.png,train,FRI,100,True,FR-I,0.9991,True,True
./CombinedCat/PNG/Scaled_Final/167.342_+023.919.png,./MiraBest_data/100_167.342+023.919_0.1869_0057.38.png,train,FRI,100,True,FR-I,0.9868,True,True
./CombinedCat/PNG/Scaled_Final/125.339_+025.318.png,./MiraBest_data/100_125.339+025.318_0.2676_0038.05.png,train,FRI,100,True,FR-I,0.8452,True,True
./CombinedCat/PNG/Scaled_Final/199.415_+019.172.png,./MiraBest_data/100_199.415+019.172_0.2685_0063.42.png,train,FRI,100,True,FR-II,0.6372,False,False
./CombinedCat/PNG/Scaled_Final/196.093_+020.266.png,./MiraBest_data/100_196.093+020.266_0.1921_0029.80.png,train,FRI,100,True,FR-I,0.8786,True,True
./CombinedCat/PNG/Scaled_Final/137.548_+001.651.png,./MiraBest_data/100_137.548+001.651_0.2842_0073.83.png,train,FRI,100,True,FR-I,0.9407,True,True
./CombinedCat/PNG/Scaled_Final/189.841_+017.199.png,./MiraBest_data/100_189.841+017.199_0.0702_0063.35.png,train,FRI,100,True,FR-I,0.9984,True,True
./CombinedCat/PNG/Scaled_Final/196.580_+011.228.png,./MiraBest_data/100_196.580+011.228_0.0857_0039.54.png,train,FRI,100,True,FR-I,0.9792,True,True
./CombinedCat/PNG/Scaled_Final/175.084_+053.841.png,./MiraBest_data/100_175.084+053.841_0.1480_0075.33.png,train,FRI,100,True,FR-I,0.9998,True,True
./CombinedCat/PNG/Scaled_Final/176.104_+025.235.png,./MiraBest_data/100_176.104+025.235_0.1776_0089.84.png,train,FRI,100,True,FR-I,0.9943,True,True
./CombinedCat/PNG/Scaled_Final/207.328_-001.823.png,./MiraBest_data/100_207.328-001.823_0.2099_0055.89.png,train,FRI,100,True,FR-I,0.99,True,True
./CombinedCat/PNG/Scaled_Final/163.250_+043.049.png,./MiraBest_data/100_163.250+043.049_0.1479_0095.79.png,train,FRI,100,True,FR-I,0.8312,True,True
./CombinedCat/PNG/Scaled_Final/219.702_+000.682.png,./MiraBest_data/100_219.702+000.682_0.1503_0054.27.png,train,FRI,100,True,FR-I,0.9971,True,True
./CombinedCat/PNG/Scaled_Final/211.632_+009.606.png,./MiraBest_data/100_211.632+009.606_0.1463_0037.98.png,train,FRI,100,True,FR-I,0.9925,True,True
./CombinedCat/PNG/Scaled_Final/135.242_+051.166.png,./MiraBest_data/200_135.242+051.166_0.1250_0038.65.png,train,FRII,200,True,FR-II,0.8333,True,True
./CombinedCat/PNG/Scaled_Final/209.952_+019.314.png,./MiraBest_data/200_209.952+019.314_0.3309_0058.82.png,train,FRII,200,True,FR-II,0.9568,True,True
./CombinedCat/PNG/Scaled_Final/143.066_+018.072.png,./MiraBest_data/200_143.066+018.072_0.1474_0138.72.png,train,FRII,200,True,FR-I,0.9772,False,False
./CombinedCat/PNG/Scaled_Final/223.993_+032.626.png,./MiraBest_data/200_223.993+032.626_0.0842_0024.53.png,train,FRII,200,True,FR-II,0.9973,True,True
./CombinedCat/PNG/Scaled_Final/181.636_+037.674.png,./MiraBest_data/200_181.636+037.674_0.3437_0026.44.png,train,FRII,200,True,FR-II,0.8806,True,True
./CombinedCat/PNG/Scaled_Final/195.972_+027.791.png,./MiraBest_data/200_195.972+027.791_0.3625_0035.47.png,train,FRII,200,True,FR-II,0.9438,True,True
./CombinedCat/PNG/Scaled_Final/194.341_+012.472.png,./MiraBest_data/200_194.341+012.472_0.2076_0063.89.png,train,FRII,200,True,FR-II,0.9975,True,True
./CombinedCat/PNG/Scaled_Final/121.019_+015.560.png,./MiraBest_data/200_121.019+015.560_0.2682_0049.15.png,train,FRII,200,True,FR-II,0.9984,True,True
./CombinedCat/PNG/Scaled_Final/158.638_+061.470.png,./MiraBest_data/200_158.638+061.470_0.1165_0115.07.png,train,FRII,200,True,FR-I,0.968,False,False
./CombinedCat/PNG/Scaled_Final/204.372_+048.306.png,./MiraBest_data/200_204.372+048.306_0.1192_0040.66.png,train,FRII,200,True,FR-II,0.9094,True,True
./CombinedCat/PNG/Scaled_Final/135.909_+017.729.png,./MiraBest_data/200_135.909+017.729_0.2193_0013.24.png,train,FRII,200,True,FR-II,0.9799,True,True
./CombinedCat/PNG/Scaled_Final/173.854_+006.911.png,./MiraBest_data/200_173.854+006.911_0.1585_0025.61.png,train,FRII,200,True,FR-II,0.9864,True,True
./CombinedCat/PNG/Scaled_Final/028.584_-008.279.png,./MiraBest_data/200_028.584-008.279_0.4290_0029.96.png,train,FRII,200,True,FR-II,0.9598,True,True
./CombinedCat/PNG/Scaled_Final/176.620_+006.885.png,./MiraBest_data/200_176.620+006.885_0.2330_0011.08.png,train,FRII,200,True,FR-I,0.8718,False,False
./CombinedCat/PNG/Scaled_Final/199.583_+017.185.png,./MiraBest_data/200_199.583+017.185_0.2087_0016.40.png,train,FRII,200,True,FR-II,0.9909,True,True
./CombinedCat/PNG/Scaled_Final/176.016_+044.006.png,./MiraBest_data/200_176.016+044.006_0.2991_0045.54.png,train,FRII,200,True,FR-I,0.5133,False,False
./CombinedCat/PNG/Scaled_Final/140.970_+014.283.png,./MiraBest_data/200_140.970+014.283_0.1414_0017.69.png,train,FRII,200,True,FR-II,0.9877,True,True
./CombinedCat/PNG/Scaled_Final/146.107_+052.027.png,./MiraBest_data/200_146.107+052.027_0.2496_0080.52.png,train,FRII,200,True,FR-I,0.5289,False,False
./CombinedCat/PNG/Scaled_Final/198.125_+019.841.png,./MiraBest_data/200_198.125+019.841_0.3720_0030.50.png,train,FRII,200,True,FR-II,0.5178,True,True
./CombinedCat/PNG/Scaled_Final/207.275_+018.975.png,./MiraBest_data/200_207.275+018.975_0.1881_0030.64.png,train,FRII,200,True,FR-II,0.947,True,True
./CombinedCat/PNG/Scaled_Final/214.154_+020.893.png,./MiraBest_data/200_214.154+020.893_0.2474_0046.70.png,train,FRII,200,True,FR-I,0.8619,False,False
./CombinedCat/PNG/Scaled_Final/163.772_+005.915.png,./MiraBest_data/200_163.772+005.915_0.1729_0074.25.png,train,FRII,200,True,FR-II,0.9978,True,True
./CombinedCat/PNG/Scaled_Final/181.118_+050.172.png,./MiraBest_data/200_181.118+050.172_0.2087_0104.62.png,train,FRII,200,True,FR-II,0.8845,True,True
./CombinedCat/PNG/Scaled_Final/229.365_+006.326.png,./MiraBest_data/200_229.365+006.326_0.1779_0013.16.png,train,FRI,200,False,FR-II,0.8481,False,True
./CombinedCat/PNG/Scaled_Final/133.183_+018.197.png,./MiraBest_data/200_133.183+018.197_0.1893_0015.22.png,train,FRII,200,True,FR-II,0.9935,True,True
./CombinedCat/PNG/Scaled_Final/171.156_+004.939.png,./MiraBest_data/200_171.156+004.939_0.2828_0012.18.png,train,FRII,200,True,FR-II,0.647,True,True
./CombinedCat/PNG/Scaled_Final/190.600_+036.834.png,./MiraBest_data/200_190.600+036.834_0.3886_0022.53.png,train,FRII,200,True,FR-II,0.8625,True,True
./CombinedCat/PNG/Scaled_Final/138.991_+041.484.png,./MiraBest_data/200_138.991+041.484_0.1510_0015.63.png,train,FRII,200,True,FR-II,0.9391,True,True
./CombinedCat/PNG/Scaled_Final/137.935_+006.169.png,./MiraBest_data/200_137.935+006.169_0.1756_0072.60.png,train,FRII,200,True,FR-II,0.9721,True,True
./CombinedCat/PNG/Scaled_Final/140.730_+054.308.png,./MiraBest_data/200_140.730+054.308_0.3371_0048.94.png,train,FRII,200,True,FR-II,0.9129,True,True
./CombinedCat/PNG/Scaled_Final/157.350_+061.450.png,./MiraBest_data/200_157.350+061.450_0.3975_0022.78.png,train,FRII,200,True,FR-II,0.8966,True,True
./CombinedCat/PNG/Scaled_Final/181.887_+033.878.png,./MiraBest_data/200_181.887+033.878_0.0791_0045.64.png,train,FRII,200,True,FR-II,0.9935,True,True
./CombinedCat/PNG/Scaled_Final/232.294_+045.638.png,./MiraBest_data/200_232.294+045.638_0.3124_0009.85.png,train,FRI,200,False,FR-II,0.9891,False,True
./CombinedCat/PNG/Scaled_Final/181.027_+002.412.png,./MiraBest_data/200_181.027+002.412_0.0845_0035.41.png,train,FRII,200,True,FR-II,0.7044,True,True
./CombinedCat/PNG/Scaled_Final/227.311_+035.594.png,./MiraBest_data/200_227.311+035.594_0.3949_0024.08.png,train,FRII,200,True,FR-II,0.9914,True,True
./CombinedCat/PNG/Scaled_Final/141.950_+023.235.png,./MiraBest_data/200_141.950+023.235_0.2553_0120.07.png,train,FRII,200,True,FR-II,0.9603,True,True
./CombinedCat/PNG/Scaled_Final/020.485_-000.490.png,./MiraBest_data/200_020.485-000.490_0.4364_0052.49.png,train,FRII,200,True,FR-I,0.9836,False,False
./CombinedCat/PNG/Scaled_Final/227.750_+007.864.png,./MiraBest_data/200_227.750+007.864_0.4594_0129.67.png,train,FRI,200,False,FR-II,0.9732,False,True
./CombinedCat/PNG/Scaled_Final/179.977_-001.352.png,./MiraBest_data/200_179.977-001.352_0.3738_0108.31.png,train,FRII,200,True,FR-II,0.9989,True,True
